0,0
0.002,0
0.004,0
0.006,0
0.008,0
0.01,0
0.012,0
0.014,0
0.016,0
0.018,0
0.02,0
0.022,0
0.024,0
0.026,0
0.028,0
0.03,0
0.032,0
0.034,0
0.036,0
0.038,0
0.04,0
0.042,0
0.044,0
0.046,0
0.048,0
0.05,0
0.052,0
0.054,0
0.056,0
0.058,0
0.06,0
0.062,0
0.064,0
0.066,0
0.068,0
0.07,0
0.072,0
0.074,0
0.076,0
0.078,0
0.08,0
0.082,0
0.084,0
0.086,0
0.088,0
0.09,0
0.092,0
0.094,0
0.096,0
0.098,0
0.1,0
0.102,0
0.104,0
0.106,0
0.108,0
0.11,0
0.112,0
0.114,0
0.116,0
0.118,0
0.12,0
0.122,0
0.124,0
0.126,0
0.128,0
0.13,0
0.132,0
0.134,0
0.136,0
0.138,0
0.14,0
0.142,0
0.144,0
0.146,0
0.148,0
0.15,0
0.152,0
0.154,0
0.156,0
0.158,0
0.16,0
0.162,0
0.162,0
0.162,2.0668e-14
0.164,0.023182
0.166,0.046188
0.168,0.069019
0.17,0.091677
0.172,0.11416
0.174,0.13648
0.176,0.15862
0.178,0.18059
0.18,0.2024
0.182,0.22404
0.184,0.24552
0.186,0.26683
0.188,0.28797
0.19,0.30896
0.192,0.32978
0.194,0.35044
0.196,0.37094
0.198,0.39129
0.2,0.41148
0.202,0.43151
0.204,0.45139
0.206,0.47112
0.208,0.49069
0.21,0.51011
0.212,0.52938
0.214,0.5485
0.216,0.56747
0.218,0.5863
0.22,0.60498
0.222,0.62351
0.224,0.64191
0.226,0.66015
0.228,0.67826
0.23,0.69622
0.232,0.71405
0.234,0.73173
0.236,0.74928
0.238,0.76669
0.24,0.78397
0.242,0.80111
0.244,0.81812
0.246,0.83499
0.248,0.85173
0.25,0.86835
0.252,0.88483
0.254,0.90118
0.256,0.91741
0.258,0.9335
0.26,0.94948
0.262,0.96532
0.264,0.98105
0.266,0.99665
0.268,1.0121
0.27,1.0275
0.272,1.0427
0.274,1.0578
0.276,1.0728
0.278,1.0877
0.28,1.1025
0.282,1.1171
0.284,1.1317
0.286,1.1461
0.288,1.1604
0.29,1.1746
0.292,1.1887
0.294,1.2027
0.296,1.2166
0.298,1.2303
0.3,1.244
0.302,1.2575
0.304,1.271
0.306,1.2843
0.308,1.2975
0.31,1.3107
0.312,1.3237
0.314,1.3366
0.316,1.3495
0.318,1.3622
0.32,1.3748
0.322,1.3874
0.324,1.3998
0.326,1.4121
0.328,1.4244
0.33,1.4365
0.332,1.4486
0.334,1.4606
0.336,1.4724
0.338,1.4842
0.34,1.4959
0.342,1.5075
0.344,1.5191
0.346,1.5305
0.348,1.5418
0.35,1.5531
0.352,1.5643
0.354,1.5754
0.356,1.5864
0.358,1.5973
0.36,1.6081
0.362,1.6189
0.3637,1.628
0.3654,1.637
0.3671,1.6459
0.36879,1.6548
0.37049,1.6637
0.37219,1.6725
0.37389,1.6812
0.37559,1.6899
0.37729,1.6985
0.37898,1.707
0.38068,1.7155
0.38238,1.724
0.38408,1.7324
0.38578,1.7407
0.38748,1.749
0.38917,1.7572
0.39087,1.7654
0.39257,1.7735
0.39427,1.7816
0.39597,1.7896
0.39767,1.7975
0.39936,1.8054
0.40106,1.8133
0.40276,1.8211
0.40446,1.8288
0.40616,1.8366
0.40786,1.8442
0.40956,1.8518
0.41125,1.8594
0.41295,1.8669
0.41465,1.8743
0.41635,1.8817
0.41805,1.8891
0.41975,1.8964
0.42144,1.9036
0.42314,1.9108
0.42484,1.918
0.42654,1.9251
0.42824,1.9322
0.42994,1.9392
0.43163,1.9462
0.43333,1.9531
0.43503,1.96
0.43673,1.9668
0.43843,1.9736
0.44013,1.9804
0.44182,1.9871
0.44352,1.9937
0.44522,2.0003
0.44692,2.0069
0.44862,2.0134
0.45032,2.0199
0.45202,2.0264
0.45371,2.0328
0.45541,2.0391
0.45711,2.0454
0.45881,2.0517
0.46051,2.0579
0.46221,2.0641
0.4639,2.0703
0.4656,2.0764
0.4673,2.0825
0.469,2.0885
0.4707,2.0945
0.4724,2.1004
0.47409,2.1063
0.47579,2.1122
0.47749,2.118
0.47919,2.1238
0.48089,2.1296
0.48259,2.1353
0.48428,2.141
0.48598,2.1466
0.48768,2.1522
0.48938,2.1578
0.49108,2.1633
0.49278,2.1688
0.49447,2.1743
0.49617,2.1797
0.49787,2.1851
0.49957,2.1905
0.50127,2.1958
0.50297,2.2011
0.50467,2.2063
0.50636,2.2115
0.50806,2.2167
0.50976,2.2219
0.51146,2.227
0.51316,2.2321
0.51486,2.2371
0.51655,2.2421
0.51825,2.2471
0.51995,2.2521
0.52165,2.257
0.52335,2.2619
0.52505,2.2667
0.52674,2.2715
0.52844,2.2763
0.53014,2.2811
0.53184,2.2858
0.53384,2.2913
0.53584,2.2968
0.53784,2.3023
0.53984,2.3077
0.54184,2.313
0.54384,2.3184
0.54584,2.3236
0.54784,2.3289
0.54984,2.3341
0.55184,2.3393
0.55384,2.3444
0.55584,2.3495
0.55784,2.3545
0.55984,2.3595
0.56184,2.3645
0.56384,2.3694
0.56584,2.3743
0.56784,2.3791
0.56984,2.384
0.57184,2.3887
0.57384,2.3935
0.57584,2.3982
0.57784,2.4029
0.57984,2.4075
0.58184,2.4121
0.58384,2.4166
0.58584,2.4212
0.58784,2.4257
0.58984,2.4301
0.59184,2.4345
0.59384,2.4389
0.59584,2.4433
0.59784,2.4476
0.59984,2.4519
0.60184,2.4561
0.60384,2.4604
0.60584,2.4645
0.60784,2.4687
0.60984,2.4728
0.61184,2.4769
0.61384,2.481
0.61584,2.485
0.61784,2.489
0.61984,2.4929
0.62184,2.4969
0.62384,2.5008
0.62584,2.5046
0.62784,2.5085
0.62984,2.5123
0.63184,2.5161
0.63384,2.5198
0.63584,2.5235
0.63784,2.5272
0.63984,2.5309
0.64184,2.5345
0.64384,2.5381
0.64584,2.5417
0.64784,2.5453
0.64984,2.5488
0.65184,2.5523
0.65384,2.5558
0.65584,2.5592
0.65784,2.5626
0.65984,2.566
0.66184,2.5694
0.66384,2.5727
0.66584,2.576
0.66784,2.5793
0.66984,2.5825
0.67184,2.5858
0.67384,2.589
0.67584,2.5922
0.67784,2.5953
0.67984,2.5985
0.68184,2.6016
0.68384,2.6046
0.68584,2.6077
0.68784,2.6107
0.68984,2.6138
0.69184,2.6167
0.69384,2.6197
0.69584,2.6227
0.69784,2.6256
0.69984,2.6285
0.70184,2.6314
0.70384,2.6342
0.70584,2.637
0.70784,2.6399
0.70984,2.6426
0.71184,2.6454
0.71384,2.6482
0.71584,2.6509
0.71784,2.6536
0.71984,2.6563
0.72184,2.6589
0.72384,2.6616
0.72584,2.6642
0.72784,2.6668
0.72984,2.6694
0.73184,2.672
0.73384,2.6745
0.73584,2.6771
0.73784,2.6796
0.73984,2.682
0.74184,2.6845
0.74384,2.687
0.74584,2.6894
0.74784,2.6918
0.74984,2.6942
0.75184,2.6966
0.75384,2.699
0.75584,2.7013
0.75784,2.7036
0.75984,2.7059
0.76184,2.7082
0.76384,2.7105
0.76584,2.7127
0.76784,2.715
0.76984,2.7172
0.77184,2.7194
0.77384,2.7216
0.77584,2.7237
0.77784,2.7259
0.77984,2.728
0.78184,2.7302
0.7838,2.7322
0.7838,2.7322
0.78501,2.7335
0.78622,2.7347
0.78743,2.7359
0.78864,2.737
0.78985,2.7382
0.79107,2.7393
0.79228,2.7404
0.79349,2.7414
0.7947,2.7425
0.79591,2.7435
0.79712,2.7444
0.79833,2.7454
0.79955,2.7463
0.80076,2.7472
0.80197,2.7481
0.80318,2.7489
0.80439,2.7497
0.8056,2.7505
0.80681,2.7513
0.80803,2.752
0.80924,2.7528
0.81045,2.7535
0.81166,2.7541
0.81287,2.7548
0.81408,2.7554
0.81529,2.756
0.81651,2.7566
0.81772,2.7572
0.81893,2.7577
0.82014,2.7582
0.82135,2.7587
0.82256,2.7592
0.82377,2.7596
0.82499,2.76
0.8262,2.7605
0.82741,2.7608
0.82862,2.7612
0.82983,2.7616
0.83104,2.7619
0.83225,2.7622
0.83347,2.7625
0.83468,2.7627
0.83589,2.763
0.8371,2.7632
0.83831,2.7634
0.83952,2.7636
0.84073,2.7638
0.84195,2.764
0.84316,2.7641
0.84437,2.7642
0.84558,2.7643
0.84679,2.7644
0.848,2.7645
0.84922,2.7646
0.85043,2.7646
0.85164,2.7646
0.85285,2.7646
0.85406,2.7646
0.85527,2.7646
0.85648,2.7646
0.8577,2.7646
0.85891,2.7645
0.86012,2.7644
0.86133,2.7643
0.86254,2.7642
0.86375,2.7641
0.86496,2.764
0.86618,2.7638
0.86739,2.7637
0.8686,2.7635
0.86981,2.7634
0.87102,2.7632
0.87223,2.763
0.87344,2.7628
0.87466,2.7625
0.87587,2.7623
0.87708,2.7621
0.87829,2.7618
0.8795,2.7616
0.88071,2.7613
0.88192,2.761
0.88314,2.7607
0.88435,2.7604
0.88556,2.7601
0.88677,2.7598
0.88798,2.7595
0.88919,2.7591
0.8904,2.7588
0.89162,2.7585
0.89283,2.7581
0.89404,2.7578
0.89525,2.7574
0.89646,2.757
0.89767,2.7566
0.89888,2.7563
0.9001,2.7559
0.90131,2.7555
0.90252,2.7551
0.90373,2.7547
0.90494,2.7543
0.90615,2.7539
0.90736,2.7535
0.90858,2.753
0.90979,2.7526
0.911,2.7522
0.91221,2.7517
0.91342,2.7513
0.91463,2.7509
0.91584,2.7504
0.91706,2.7499
0.91827,2.7495
0.91948,2.749
0.92069,2.7485
0.9219,2.7481
0.92311,2.7476
0.92433,2.7471
0.92554,2.7466
0.92675,2.7461
0.92796,2.7456
0.92917,2.7451
0.93038,2.7446
0.93159,2.744
0.93281,2.7435
0.93402,2.743
0.93523,2.7425
0.93644,2.7419
0.93765,2.7414
0.93886,2.7408
0.94007,2.7403
0.94129,2.7397
0.9425,2.7392
0.94371,2.7386
0.94492,2.7381
0.94613,2.7375
0.94734,2.7369
0.94855,2.7364
0.94977,2.7358
0.95098,2.7352
0.95219,2.7346
0.9534,2.734
0.95461,2.7334
0.95582,2.7328
0.95703,2.7322
0.95825,2.7316
0.95946,2.731
0.96067,2.7304
0.96188,2.7298
0.96309,2.7292
0.9643,2.7286
0.96551,2.728
0.96673,2.7274
0.96794,2.7267
0.96915,2.7261
0.97036,2.7255
0.97157,2.7249
0.97278,2.7242
0.97399,2.7236
0.97521,2.723
0.97642,2.7223
0.97763,2.7217
0.97884,2.721
0.98005,2.7204
0.98126,2.7197
0.98247,2.7191
0.98369,2.7185
0.9849,2.7178
0.98611,2.7172
0.98732,2.7165
0.98853,2.7158
0.98974,2.7152
0.99096,2.7145
0.99217,2.7139
0.99338,2.7132
0.99459,2.7126
0.9958,2.7119
0.99701,2.7112
0.99822,2.7106
0.99944,2.7099
1,2.7096
1,2.7096
1,2.7096
1.0009,2.7091
1.0018,2.7086
1.0027,2.7081
1.0036,2.7076
1.0045,2.7072
1.0055,2.7067
1.0064,2.7062
1.0073,2.7057
1.0082,2.7052
1.0091,2.7047
1.01,2.7042
1.0109,2.7037
1.0118,2.7032
1.0127,2.7027
1.0136,2.7022
1.0145,2.7017
1.0154,2.7013
1.0164,2.7008
1.0173,2.7003
1.0182,2.6998
1.0191,2.6993
1.02,2.6988
1.0209,2.6983
1.0218,2.6978
1.0227,2.6973
1.0236,2.6968
1.0245,2.6963
1.0254,2.6958
1.0264,2.6953
1.0273,2.6948
1.0282,2.6944
1.0291,2.6939
1.03,2.6934
1.0309,2.6929
1.0318,2.6924
1.0327,2.6919
1.0336,2.6914
1.0345,2.6909
1.0354,2.6904
1.0363,2.6899
1.0373,2.6894
1.0382,2.6889
1.0391,2.6885
1.04,2.688
1.0409,2.6875
1.0418,2.687
1.0427,2.6865
1.0436,2.686
1.0445,2.6855
1.0454,2.685
1.0463,2.6845
1.0473,2.6841
1.0482,2.6836
1.0491,2.6831
1.05,2.6826
1.0509,2.6821
1.0518,2.6816
1.0527,2.6811
1.0536,2.6806
1.0545,2.6802
1.0554,2.6797
1.0563,2.6792
1.0572,2.6787
1.0582,2.6782
1.0591,2.6777
1.06,2.6773
1.0609,2.6768
1.0618,2.6763
1.0627,2.6758
1.0636,2.6753
1.0645,2.6749
1.0654,2.6744
1.0663,2.6739
1.0672,2.6734
1.0681,2.6729
1.0691,2.6725
1.07,2.672
1.0709,2.6715
1.0718,2.671
1.0727,2.6706
1.0736,2.6701
1.0745,2.6696
1.0754,2.6691
1.0763,2.6687
1.0772,2.6682
1.0781,2.6677
1.0791,2.6673
1.08,2.6668
1.0809,2.6663
1.0818,2.6659
1.0827,2.6654
1.0836,2.6649
1.0845,2.6645
1.0854,2.664
1.0863,2.6635
1.0872,2.6631
1.0881,2.6626
1.089,2.6621
1.09,2.6617
1.0909,2.6612
1.0918,2.6607
1.0927,2.6603
1.0936,2.6598
1.0945,2.6594
1.0954,2.6589
1.0963,2.6585
1.0972,2.658
1.0981,2.6575
1.099,2.6571
1.1,2.6566
1.1009,2.6562
1.1018,2.6557
1.1027,2.6553
1.1036,2.6548
1.1045,2.6544
1.1054,2.6539
1.1063,2.6535
1.1072,2.653
1.1081,2.6526
1.109,2.6522
1.1099,2.6517
1.1109,2.6513
1.1118,2.6508
1.1127,2.6504
1.1136,2.6499
1.1145,2.6495
1.1154,2.6491
1.1163,2.6486
1.1172,2.6482
1.1181,2.6477
1.119,2.6473
1.1199,2.6469
1.1209,2.6464
1.1218,2.646
1.1227,2.6456
1.1236,2.6451
1.1245,2.6447
1.1254,2.6443
1.1263,2.6438
1.1272,2.6434
1.1281,2.643
1.129,2.6426
1.1299,2.6421
1.1308,2.6417
1.1318,2.6413
1.1327,2.6409
1.1336,2.6404
1.1345,2.64
1.1354,2.6396
1.1363,2.6392
1.1372,2.6387
1.1381,2.6383
1.139,2.6379
1.1399,2.6375
1.1408,2.6371
1.1418,2.6367
1.1427,2.6362
1.1436,2.6358
1.1445,2.6354
1.1454,2.635
1.1463,2.6346
1.1472,2.6342
1.1481,2.6338
1.149,2.6334
1.1499,2.633
1.1508,2.6326
1.1517,2.6322
1.1527,2.6317
1.1536,2.6313
1.1545,2.6309
1.1554,2.6305
1.1563,2.6301
1.1572,2.6297
1.1581,2.6293
1.159,2.6289
1.1599,2.6285
1.1608,2.6281
1.1617,2.6277
1.1627,2.6274
1.1636,2.627
1.1645,2.6266
1.1654,2.6262
1.1663,2.6258
1.1672,2.6254
1.1681,2.625
1.169,2.6246
1.1699,2.6242
1.1708,2.6238
1.1717,2.6235
1.1726,2.6231
1.1736,2.6227
1.1745,2.6223
1.1754,2.6219
1.1763,2.6215
1.1772,2.6212
1.1781,2.6208
1.179,2.6204
1.1799,2.62
1.1808,2.6197
1.1817,2.6193
1.1828,2.6188
1.184,2.6184
1.1851,2.6179
1.1862,2.6175
1.1873,2.617
1.1884,2.6166
1.1895,2.6161
1.1906,2.6157
1.1917,2.6152
1.1928,2.6148
1.194,2.6143
1.1951,2.6139
1.1962,2.6134
1.1973,2.613
1.1984,2.6126
1.1995,2.6121
1.2006,2.6117
1.2017,2.6113
1.2028,2.6108
1.2039,2.6104
1.2051,2.61
1.2062,2.6095
1.2073,2.6091
1.2084,2.6087
1.2095,2.6083
1.2106,2.6078
1.2117,2.6074
1.2128,2.607
1.2139,2.6066
1.2151,2.6062
1.2162,2.6057
1.2173,2.6053
1.2184,2.6049
1.2195,2.6045
1.2206,2.6041
1.2217,2.6037
1.2228,2.6033
1.2239,2.6029
1.2251,2.6025
1.2262,2.6021
1.2273,2.6017
1.2284,2.6013
1.2295,2.6009
1.2306,2.6005
1.2317,2.6001
1.2328,2.5997
1.2339,2.5993
1.235,2.5989
1.2362,2.5985
1.2373,2.5981
1.2384,2.5977
1.2395,2.5973
1.2406,2.5969
1.2417,2.5965
1.2428,2.5962
1.2439,2.5958
1.245,2.5954
1.2462,2.595
1.2473,2.5946
1.2484,2.5942
1.2495,2.5939
1.2506,2.5935
1.2517,2.5931
1.2528,2.5927
1.2539,2.5924
1.255,2.592
1.2562,2.5916
1.2573,2.5913
1.2584,2.5909
1.2595,2.5905
1.2606,2.5902
1.2617,2.5898
1.2628,2.5894
1.2639,2.5891
1.265,2.5887
1.2661,2.5884
1.2673,2.588
1.2684,2.5877
1.2695,2.5873
1.2706,2.587
1.2717,2.5866
1.2728,2.5863
1.2739,2.5859
1.275,2.5856
1.2761,2.5852
1.2773,2.5849
1.2784,2.5845
1.2795,2.5842
1.2806,2.5838
1.2817,2.5835
1.2828,2.5832
1.2839,2.5828
1.285,2.5825
1.2861,2.5821
1.2873,2.5818
1.2884,2.5815
1.2895,2.5811
1.2906,2.5808
1.2917,2.5805
1.2928,2.5802
1.2941,2.5798
1.2954,2.5794
1.2967,2.579
1.298,2.5786
1.2993,2.5783
1.3007,2.5779
1.302,2.5775
1.3033,2.5771
1.3046,2.5768
1.3059,2.5764
1.3072,2.576
1.3085,2.5757
1.3098,2.5753
1.3111,2.5749
1.3124,2.5746
1.3137,2.5742
1.3151,2.5738
1.3164,2.5735
1.3177,2.5731
1.319,2.5728
1.3203,2.5724
1.3216,2.5721
1.3229,2.5717
1.3242,2.5714
1.3255,2.571
1.3268,2.5707
1.3281,2.5703
1.3294,2.57
1.3308,2.5697
1.3321,2.5693
1.3334,2.569
1.3347,2.5686
1.336,2.5683
1.3373,2.568
1.3386,2.5676
1.3399,2.5673
1.3412,2.567
1.3425,2.5667
1.3438,2.5663
1.3451,2.566
1.3465,2.5657
1.3478,2.5654
1.3491,2.565
1.3504,2.5647
1.3517,2.5644
1.353,2.5641
1.3543,2.5638
1.3556,2.5635
1.3569,2.5632
1.3582,2.5628
1.3595,2.5625
1.3608,2.5622
1.3622,2.5619
1.3635,2.5616
1.3648,2.5613
1.3661,2.561
1.3674,2.5607
1.3687,2.5604
1.37,2.5601
1.3713,2.5598
1.3726,2.5595
1.3739,2.5592
1.3752,2.5589
1.3765,2.5586
1.3779,2.5584
1.3792,2.5581
1.3805,2.5578
1.3818,2.5575
1.3831,2.5572
1.3844,2.5569
1.3857,2.5566
1.387,2.5564
1.3883,2.5561
1.3896,2.5558
1.3909,2.5555
1.3923,2.5553
1.3936,2.555
1.3949,2.5547
1.3962,2.5544
1.3975,2.5542
1.3988,2.5539
1.4001,2.5536
1.4014,2.5534
1.4027,2.5531
1.404,2.5528
1.4053,2.5526
1.4066,2.5523
1.408,2.552
1.4093,2.5518
1.4106,2.5515
1.4119,2.5513
1.4132,2.551
1.4145,2.5508
1.4158,2.5505
1.4171,2.5503
1.4184,2.55
1.4197,2.5498
1.421,2.5495
1.4223,2.5493
1.4237,2.549
1.4252,2.5487
1.4268,2.5484
1.4283,2.5481
1.4299,2.5479
1.4315,2.5476
1.433,2.5473
1.4346,2.547
1.4361,2.5467
1.4377,2.5464
1.4393,2.5462
1.4408,2.5459
1.4424,2.5456
1.4439,2.5453
1.4455,2.5451
1.4471,2.5448
1.4486,2.5445
1.4502,2.5443
1.4517,2.544
1.4533,2.5437
1.4548,2.5435
1.4564,2.5432
1.458,2.543
1.4595,2.5427
1.4611,2.5424
1.4626,2.5422
1.4642,2.5419
1.4658,2.5417
1.4673,2.5414
1.4689,2.5412
1.4704,2.5409
1.472,2.5407
1.4736,2.5405
1.4751,2.5402
1.4767,2.54
1.4782,2.5397
1.4798,2.5395
1.4814,2.5392
1.4829,2.539
1.4845,2.5388
1.486,2.5385
1.4876,2.5383
1.4892,2.5381
1.4907,2.5378
1.4923,2.5376
1.4938,2.5374
1.4954,2.5372
1.497,2.5369
1.4985,2.5367
1.5001,2.5365
1.5016,2.5363
1.5032,2.5361
1.5048,2.5358
1.5063,2.5356
1.5079,2.5354
1.5094,2.5352
1.511,2.535
1.5126,2.5348
1.5141,2.5346
1.5157,2.5343
1.5172,2.5341
1.5188,2.5339
1.5204,2.5337
1.5219,2.5335
1.5235,2.5333
1.525,2.5331
1.5266,2.5329
1.5281,2.5327
1.5297,2.5325
1.5313,2.5323
1.5328,2.5321
1.5344,2.5319
1.5359,2.5317
1.5375,2.5315
1.5391,2.5313
1.5406,2.5311
1.5422,2.531
1.5437,2.5308
1.5453,2.5306
1.5469,2.5304
1.5484,2.5302
1.55,2.53
1.5515,2.5298
1.5531,2.5296
1.5547,2.5295
1.5562,2.5293
1.5578,2.5291
1.5593,2.5289
1.5609,2.5288
1.5625,2.5286
1.564,2.5284
1.5656,2.5282
1.5671,2.5281
1.5687,2.5279
1.5703,2.5277
1.5718,2.5275
1.5734,2.5274
1.5749,2.5272
1.5765,2.527
1.5781,2.5269
1.5796,2.5267
1.5815,2.5265
1.5834,2.5263
1.5853,2.5261
1.5872,2.5259
1.5891,2.5257
1.591,2.5255
1.5929,2.5253
1.5948,2.5251
1.5967,2.525
1.5986,2.5248
1.6005,2.5246
1.6024,2.5244
1.6042,2.5242
1.6061,2.524
1.608,2.5239
1.6099,2.5237
1.6118,2.5235
1.6137,2.5233
1.6156,2.5231
1.6175,2.523
1.6194,2.5228
1.6213,2.5226
1.6232,2.5225
1.6251,2.5223
1.627,2.5221
1.6289,2.5219
1.6308,2.5218
1.6327,2.5216
1.6346,2.5215
1.6365,2.5213
1.6384,2.5211
1.6402,2.521
1.6421,2.5208
1.644,2.5207
1.6459,2.5205
1.6478,2.5203
1.6497,2.5202
1.6516,2.52
1.6535,2.5199
1.6554,2.5197
1.6573,2.5196
1.6592,2.5194
1.6611,2.5193
1.663,2.5191
1.6649,2.519
1.6668,2.5189
1.6687,2.5187
1.6706,2.5186
1.6725,2.5184
1.6744,2.5183
1.6763,2.5181
1.6781,2.518
1.68,2.5179
1.6819,2.5177
1.6838,2.5176
1.6857,2.5175
1.6876,2.5173
1.6895,2.5172
1.6914,2.5171
1.6933,2.5169
1.6952,2.5168
1.6971,2.5167
1.699,2.5165
1.7009,2.5164
1.7028,2.5163
1.7047,2.5162
1.7066,2.516
1.7085,2.5159
1.7104,2.5158
1.7123,2.5157
1.7141,2.5156
1.716,2.5154
1.7179,2.5153
1.7198,2.5152
1.7217,2.5151
1.7236,2.515
1.7255,2.5148
1.7274,2.5147
1.7293,2.5146
1.7312,2.5145
1.7331,2.5144
1.735,2.5143
1.7369,2.5142
1.7388,2.5141
1.7407,2.5139
1.7426,2.5138
1.7445,2.5137
1.7464,2.5136
1.7483,2.5135
1.7501,2.5134
1.752,2.5133
1.7539,2.5132
1.7558,2.5131
1.7577,2.513
1.7596,2.5129
1.7615,2.5128
1.7634,2.5127
1.7653,2.5126
1.7672,2.5125
1.7691,2.5124
1.7711,2.5123
1.7731,2.5122
1.7751,2.5121
1.7771,2.512
1.7791,2.5119
1.7811,2.5118
1.7831,2.5117
1.7851,2.5116
1.7871,2.5115
1.7891,2.5114
1.7911,2.5113
1.7931,2.5112
1.7951,2.5111
1.7971,2.511
1.7991,2.5109
1.8011,2.5109
1.8031,2.5108
1.8051,2.5107
1.8071,2.5106
1.8091,2.5105
1.8111,2.5104
1.8131,2.5103
1.8151,2.5102
1.8171,2.5101
1.8191,2.5101
1.8211,2.51
1.8231,2.5099
1.8251,2.5098
1.8271,2.5097
1.8291,2.5096
1.8311,2.5096
1.8331,2.5095
1.8351,2.5094
1.8371,2.5093
1.8391,2.5092
1.8411,2.5092
1.8431,2.5091
1.8451,2.509
1.8471,2.5089
1.8491,2.5089
1.8511,2.5088
1.8531,2.5087
1.8551,2.5086
1.8571,2.5086
1.8591,2.5085
1.8611,2.5084
1.8631,2.5083
1.8651,2.5083
1.8671,2.5082
1.8691,2.5081
1.8711,2.5081
1.8731,2.508
1.8751,2.5079
1.8771,2.5079
1.8791,2.5078
1.8811,2.5077
1.8831,2.5076
1.8851,2.5076
1.8871,2.5075
1.8891,2.5075
1.8911,2.5074
1.8931,2.5073
1.8951,2.5073
1.8971,2.5072
1.8991,2.5071
1.9011,2.5071
1.9031,2.507
1.9051,2.5069
1.9071,2.5069
1.9091,2.5068
1.9111,2.5068
1.9131,2.5067
1.9151,2.5067
1.9171,2.5066
1.9191,2.5065
1.9211,2.5065
1.9231,2.5064
1.9251,2.5064
1.9271,2.5063
1.9291,2.5063
1.9311,2.5062
1.9331,2.5061
1.9351,2.5061
1.9371,2.506
1.9391,2.506
1.9411,2.5059
1.9431,2.5059
1.9451,2.5058
1.9471,2.5058
1.9491,2.5057
1.9511,2.5057
1.9531,2.5056
1.9551,2.5056
1.9571,2.5055
1.9591,2.5055
1.9611,2.5054
1.9631,2.5054
1.9651,2.5053
1.9671,2.5053
1.9691,2.5052
1.9711,2.5052
1.9731,2.5051
1.9751,2.5051
1.9771,2.505
1.9791,2.505
1.9811,2.5049
1.9831,2.5049
1.9851,2.5048
1.9871,2.5048
1.9891,2.5048
1.9911,2.5047
1.9931,2.5047
1.9951,2.5046
1.9971,2.5046
1.9991,2.5045
2.0011,2.5045
2.0031,2.5045
2.0051,2.5044
2.0071,2.5044
2.0091,2.5043
2.0111,2.5043
2.0131,2.5043
2.0151,2.5042
2.0171,2.5042
2.0191,2.5041
2.0211,2.5041
2.0231,2.5041
2.0251,2.504
2.0271,2.504
2.0291,2.5039
2.0311,2.5039
2.0331,2.5039
2.0351,2.5038
2.0371,2.5038
2.0391,2.5038
2.0411,2.5037
2.0431,2.5037
2.0451,2.5036
2.0471,2.5036
2.0491,2.5036
2.0511,2.5035
2.0531,2.5035
2.0551,2.5035
2.0571,2.5034
2.0591,2.5034
2.0611,2.5034
2.0631,2.5033
2.0651,2.5033
2.0671,2.5033
2.0691,2.5032
2.0711,2.5032
2.0731,2.5032
2.0751,2.5031
2.0771,2.5031
2.0791,2.5031
2.0811,2.503
2.0831,2.503
2.0851,2.503
2.0871,2.503
2.0891,2.5029
2.0911,2.5029
2.0931,2.5029
2.0951,2.5028
2.0971,2.5028
2.0991,2.5028
2.1011,2.5028
2.1031,2.5027
2.1051,2.5027
2.1071,2.5027
2.1091,2.5026
2.1111,2.5026
2.1131,2.5026
2.1151,2.5026
2.1171,2.5025
2.1191,2.5025
2.1211,2.5025
2.1231,2.5025
2.1251,2.5024
2.1271,2.5024
2.1291,2.5024
2.1311,2.5023
2.1331,2.5023
2.1351,2.5023
2.1371,2.5023
2.1391,2.5022
2.1411,2.5022
2.1431,2.5022
2.1451,2.5022
2.1471,2.5021
2.1491,2.5021
2.1511,2.5021
2.1531,2.5021
2.1551,2.5021
2.1571,2.502
2.1591,2.502
2.1611,2.502
2.1631,2.502
2.1651,2.5019
2.1671,2.5019
2.1691,2.5019
2.1711,2.5019
2.1731,2.5019
2.1751,2.5018
2.1771,2.5018
2.1791,2.5018
2.1811,2.5018
2.1831,2.5017
2.1851,2.5017
2.1871,2.5017
2.1891,2.5017
2.1911,2.5017
2.1931,2.5016
2.1951,2.5016
2.1971,2.5016
2.1991,2.5016
2.2011,2.5016
2.2031,2.5015
2.2051,2.5015
2.2071,2.5015
2.2091,2.5015
2.2111,2.5015
2.2131,2.5015
2.2151,2.5014
2.2171,2.5014
2.2191,2.5014
2.2211,2.5014
2.2231,2.5014
2.2251,2.5013
2.2271,2.5013
2.2291,2.5013
2.2311,2.5013
2.2331,2.5013
2.2351,2.5013
2.2371,2.5012
2.2391,2.5012
2.2411,2.5012
2.2431,2.5012
2.2451,2.5012
2.2471,2.5012
2.2491,2.5011
2.2511,2.5011
2.2531,2.5011
2.2551,2.5011
2.2571,2.5011
2.2591,2.5011
2.2611,2.501
2.2631,2.501
2.2651,2.501
2.2671,2.501
2.2691,2.501
2.2711,2.501
2.2731,2.501
2.2751,2.5009
2.2771,2.5009
2.2791,2.5009
2.2811,2.5009
2.2831,2.5009
2.2851,2.5009
2.2871,2.5009
2.2891,2.5008
2.2911,2.5008
2.2931,2.5008
2.2951,2.5008
2.2971,2.5008
2.2991,2.5008
2.3011,2.5008
2.3031,2.5007
2.3051,2.5007
2.3071,2.5007
2.3091,2.5007
2.3111,2.5007
2.3131,2.5007
2.3151,2.5007
2.3171,2.5007
2.3191,2.5006
2.3211,2.5006
2.3231,2.5006
2.3251,2.5006
2.3271,2.5006
2.3291,2.5006
2.3311,2.5006
2.3331,2.5006
2.3351,2.5005
2.3371,2.5005
2.3391,2.5005
2.3411,2.5005
2.3431,2.5005
2.3451,2.5005
2.3471,2.5005
2.3491,2.5005
2.3511,2.5005
2.3531,2.5004
2.3551,2.5004
2.3571,2.5004
2.3591,2.5004
2.3611,2.5004
2.3631,2.5004
2.3651,2.5004
2.3671,2.5004
2.3691,2.5004
2.3711,2.5004
2.3731,2.5003
2.3751,2.5003
2.3771,2.5003
2.3791,2.5003
2.3811,2.5003
2.3831,2.5003
2.3851,2.5003
2.3871,2.5003
2.3891,2.5003
2.3911,2.5003
2.3931,2.5002
2.3951,2.5002
2.3971,2.5002
2.3991,2.5002
2.4011,2.5002
2.4031,2.5002
2.4051,2.5002
2.4071,2.5002
2.4091,2.5002
2.4111,2.5002
2.4131,2.5002
2.4151,2.5002
2.4171,2.5001
2.4191,2.5001
2.4211,2.5001
2.4231,2.5001
2.4251,2.5001
2.4271,2.5001
2.4291,2.5001
2.4311,2.5001
2.4331,2.5001
2.4351,2.5001
2.4371,2.5001
2.4391,2.5001
2.4411,2.5
2.4431,2.5
2.4451,2.5
2.4471,2.5
2.4491,2.5
2.4511,2.5
2.4531,2.5
2.4551,2.5
2.4571,2.5
2.4591,2.5
2.4611,2.5
2.4631,2.5
2.4651,2.5
2.4671,2.4999
2.4691,2.4999
2.4711,2.4999
2.4731,2.4999
2.4751,2.4999
2.4771,2.4999
2.4791,2.4999
2.4811,2.4999
2.4831,2.4999
2.4851,2.4999
2.4871,2.4999
2.4891,2.4999
2.4911,2.4999
2.4931,2.4999
2.4951,2.4999
2.4971,2.4999
2.4991,2.4998
2.5011,2.4998
2.5031,2.4998
2.5051,2.4998
2.5071,2.4998
2.5091,2.4998
2.5111,2.4998
2.5131,2.4998
2.5151,2.4998
2.5171,2.4998
2.5191,2.4998
2.5211,2.4998
2.5231,2.4998
2.5251,2.4998
2.5271,2.4998
2.5291,2.4998
2.5311,2.4998
2.5331,2.4997
2.5351,2.4997
2.5371,2.4997
2.5391,2.4997
2.5411,2.4997
2.5431,2.4997
2.5451,2.4997
2.5471,2.4997
2.5491,2.4997
2.5511,2.4997
2.5531,2.4997
2.5551,2.4997
2.5571,2.4997
2.5591,2.4997
2.5611,2.4997
2.5631,2.4997
2.5651,2.4997
2.5671,2.4997
2.5691,2.4997
2.5711,2.4997
2.5731,2.4996
2.5751,2.4996
2.5771,2.4996
2.5791,2.4996
2.5811,2.4996
2.5831,2.4996
2.5851,2.4996
2.5871,2.4996
2.5891,2.4996
2.5911,2.4996
2.5931,2.4996
2.5951,2.4996
2.5971,2.4996
2.5991,2.4996
2.6011,2.4996
2.6031,2.4996
2.6051,2.4996
2.6071,2.4996
2.6091,2.4996
2.6111,2.4996
2.6131,2.4996
2.6151,2.4996
2.6171,2.4996
2.6191,2.4996
2.6211,2.4995
2.6231,2.4995
2.6251,2.4995
2.6271,2.4995
2.6291,2.4995
2.6311,2.4995
2.6331,2.4995
2.6351,2.4995
2.6371,2.4995
2.6391,2.4995
2.6411,2.4995
2.6431,2.4995
2.6451,2.4995
2.6471,2.4995
2.6491,2.4995
2.6511,2.4995
2.6531,2.4995
2.6551,2.4995
2.6571,2.4995
2.6591,2.4995
2.6611,2.4995
2.6631,2.4995
2.6651,2.4995
2.6671,2.4995
2.6691,2.4995
2.6711,2.4995
2.6731,2.4995
2.6751,2.4995
2.6771,2.4995
2.6791,2.4994
2.6811,2.4994
2.6831,2.4994
2.6851,2.4994
2.6871,2.4994
2.6891,2.4994
2.6911,2.4994
2.6931,2.4994
2.6951,2.4994
2.6971,2.4994
2.6991,2.4994
2.7011,2.4994
2.7031,2.4994
2.7051,2.4994
2.7071,2.4994
2.7091,2.4994
2.7111,2.4994
2.7131,2.4994
2.7151,2.4994
2.7171,2.4994
2.7191,2.4994
2.7211,2.4994
2.7231,2.4994
2.7251,2.4994
2.7271,2.4994
2.7291,2.4994
2.7311,2.4994
2.7331,2.4994
2.7351,2.4994
2.7371,2.4994
2.7391,2.4994
2.7411,2.4994
2.7431,2.4994
2.7451,2.4994
2.7471,2.4994
2.7491,2.4994
2.7511,2.4994
2.7531,2.4993
2.7551,2.4993
2.7571,2.4993
2.7591,2.4993
2.7611,2.4993
2.7631,2.4993
2.7651,2.4993
2.7671,2.4993
2.7691,2.4993
2.7711,2.4993
2.7731,2.4993
2.7751,2.4993
2.7771,2.4993
2.7791,2.4993
2.7811,2.4993
2.7831,2.4993
2.7851,2.4993
2.7871,2.4993
2.7891,2.4993
2.7911,2.4993
2.7931,2.4993
2.7951,2.4993
2.7971,2.4993
2.7991,2.4993
2.8011,2.4993
2.8031,2.4993
2.8051,2.4993
2.8071,2.4993
2.8091,2.4993
2.8111,2.4993
2.8131,2.4993
2.8151,2.4993
2.8171,2.4993
2.8191,2.4993
2.8211,2.4993
2.8231,2.4993
2.8251,2.4993
2.8271,2.4993
2.8291,2.4993
2.8311,2.4993
2.8331,2.4993
2.8351,2.4993
2.8371,2.4993
2.8391,2.4993
2.8411,2.4993
2.8431,2.4993
2.8451,2.4993
2.8471,2.4993
2.8491,2.4993
2.8511,2.4993
2.8531,2.4993
2.8551,2.4993
2.8571,2.4993
2.8591,2.4993
2.8611,2.4992
2.8631,2.4992
2.8651,2.4992
2.8671,2.4992
2.8691,2.4992
2.8711,2.4992
2.8731,2.4992
2.8751,2.4992
2.8771,2.4992
2.8791,2.4992
2.8811,2.4992
2.8831,2.4992
2.8851,2.4992
2.8871,2.4992
2.8891,2.4992
2.8911,2.4992
2.8931,2.4992
2.8951,2.4992
2.8971,2.4992
2.8991,2.4992
2.9011,2.4992
2.9031,2.4992
2.9051,2.4992
2.9071,2.4992
2.9091,2.4992
2.9111,2.4992
2.9131,2.4992
2.9151,2.4992
2.9171,2.4992
2.9191,2.4992
2.9211,2.4992
2.9231,2.4992
2.9251,2.4992
2.9271,2.4992
2.9291,2.4992
2.9311,2.4992
2.9331,2.4992
2.9351,2.4992
2.9371,2.4992
2.9391,2.4992
2.9411,2.4992
2.9431,2.4992
2.9451,2.4992
2.9471,2.4992
2.9491,2.4992
2.9511,2.4992
2.9531,2.4992
2.9551,2.4992
2.9571,2.4992
2.9591,2.4992
2.9611,2.4992
2.9631,2.4992
2.9651,2.4992
2.9671,2.4992
2.9691,2.4992
2.9711,2.4992
2.9731,2.4992
2.9751,2.4992
2.9771,2.4992
2.9791,2.4992
2.9811,2.4992
2.9831,2.4992
2.9851,2.4992
2.9871,2.4992
2.9891,2.4992
2.9911,2.4992
2.9931,2.4992
2.9951,2.4992
2.9971,2.4992
2.9991,2.4992
3.0011,2.4992
3.0031,2.4992
3.0051,2.4992
3.0071,2.4992
3.0091,2.4992
3.0111,2.4992
3.0131,2.4992
3.0151,2.4992
3.0171,2.4992
3.0191,2.4992
3.0211,2.4992
3.0231,2.4992
3.0251,2.4992
3.0271,2.4992
3.0291,2.4992
3.0311,2.4992
3.0331,2.4992
3.0351,2.4992
3.0371,2.4992
3.0391,2.4992
3.0411,2.4992
3.0431,2.4991
3.0451,2.4991
3.0471,2.4991
3.0491,2.4991
3.0511,2.4991
3.0531,2.4991
3.0551,2.4991
3.0571,2.4991
3.0591,2.4991
3.0611,2.4991
3.0631,2.4991
3.0651,2.4991
3.0671,2.4991
3.0691,2.4991
3.0711,2.4991
3.0731,2.4991
3.0751,2.4991
3.0771,2.4991
3.0791,2.4991
3.0811,2.4991
3.0831,2.4991
3.0851,2.4991
3.0871,2.4991
3.0891,2.4991
3.0911,2.4991
3.0931,2.4991
3.0951,2.4991
3.0971,2.4991
3.0991,2.4991
3.1011,2.4991
3.1031,2.4991
3.1051,2.4991
3.1071,2.4991
3.1091,2.4991
3.1111,2.4991
3.1131,2.4991
3.1151,2.4991
3.1171,2.4991
3.1191,2.4991
3.1211,2.4991
3.1231,2.4991
3.1251,2.4991
3.1271,2.4991
3.1291,2.4991
3.1311,2.4991
3.1331,2.4991
3.1351,2.4991
3.1371,2.4991
3.1391,2.4991
3.1411,2.4991
3.1431,2.4991
3.1451,2.4991
3.1471,2.4991
3.1491,2.4991
3.1511,2.4991
3.1531,2.4991
3.1551,2.4991
3.1571,2.4991
3.1591,2.4991
3.1611,2.4991
3.1631,2.4991
3.1651,2.4991
3.1671,2.4991
3.1691,2.4991
3.1711,2.4991
3.1731,2.4991
3.1751,2.4991
3.1771,2.4991
3.1791,2.4991
3.1811,2.4991
3.1831,2.4991
3.1851,2.4991
3.1871,2.4991
3.1891,2.4991
3.1911,2.4991
3.1931,2.4991
3.1951,2.4991
3.1971,2.4991
3.1991,2.4991
3.2011,2.4991
3.2031,2.4991
3.2051,2.4991
3.2071,2.4991
3.2091,2.4991
3.2111,2.4991
3.2131,2.4991
3.2151,2.4991
3.2171,2.4991
3.2191,2.4991
3.2211,2.4991
3.2231,2.4991
3.2251,2.4991
3.2271,2.4991
3.2291,2.4991
3.2311,2.4991
3.2331,2.4991
3.2351,2.4991
3.2371,2.4991
3.2391,2.4991
3.2411,2.4991
3.2431,2.4991
3.2451,2.4991
3.2471,2.4991
3.2491,2.4991
3.2511,2.4991
3.2531,2.4991
3.2551,2.4991
3.2571,2.4991
3.2591,2.4991
3.2611,2.4991
3.2631,2.4991
3.2651,2.4991
3.2671,2.4991
3.2691,2.4991
3.2711,2.4991
3.2731,2.4991
3.2751,2.4991
3.2771,2.4991
3.2791,2.4991
3.2811,2.4991
3.2831,2.4991
3.2851,2.4991
3.2871,2.4991
3.2891,2.4991
3.2911,2.4991
3.2931,2.4991
3.2951,2.4991
3.2971,2.4991
3.2991,2.4991
3.3011,2.4991
3.3031,2.4991
3.3051,2.4991
3.3071,2.4991
3.3091,2.4991
3.3111,2.4991
3.3131,2.4991
3.3151,2.4991
3.3171,2.4991
3.3191,2.4991
3.3211,2.4991
3.3231,2.4991
3.3251,2.4991
3.3271,2.4991
3.3291,2.4991
3.3311,2.4991
3.3331,2.4991
3.3351,2.4991
3.3371,2.4991
3.3391,2.4991
3.3411,2.4991
3.3431,2.4991
3.3451,2.4991
3.3471,2.4991
3.3491,2.4991
3.3511,2.4991
3.3531,2.4991
3.3551,2.4991
3.3571,2.4991
3.3591,2.4991
3.3611,2.4991
3.3631,2.4991
3.3651,2.4991
3.3671,2.4991
3.3691,2.4991
3.3711,2.4991
3.3731,2.4991
3.3751,2.4991
3.3771,2.4991
3.3791,2.4991
3.3811,2.4991
3.3831,2.4991
3.3851,2.4991
3.3871,2.4991
3.3891,2.4991
3.3911,2.4991
3.3931,2.4991
3.3951,2.4991
3.3971,2.4991
3.3991,2.4991
3.4011,2.4991
3.4031,2.4991
3.4051,2.4991
3.4071,2.4991
3.4091,2.4991
3.4111,2.4991
3.4131,2.4991
3.4151,2.4991
3.4171,2.4991
3.4191,2.4991
3.4211,2.4991
3.4231,2.4991
3.4251,2.4991
3.4271,2.4991
3.4291,2.4991
3.4311,2.4991
3.4331,2.4991
3.4351,2.4991
3.4371,2.4991
3.4391,2.4991
3.4411,2.4991
3.4431,2.4991
3.4451,2.4991
3.4471,2.4991
3.4491,2.4991
3.4511,2.4991
3.4531,2.4991
3.4551,2.4991
3.4571,2.4991
3.4591,2.4991
3.4611,2.4991
3.4631,2.4991
3.4651,2.4991
3.4671,2.4991
3.4691,2.4991
3.4711,2.4991
3.4731,2.4991
3.4751,2.4991
3.4771,2.4991
3.4791,2.4991
3.4811,2.4991
3.4831,2.4991
3.4851,2.4991
3.4871,2.4991
3.4891,2.4991
3.4911,2.4991
3.4931,2.4991
3.4951,2.4991
3.4971,2.4991
3.4991,2.4991
3.5011,2.4991
3.5031,2.4991
3.5051,2.4991
3.5071,2.4991
3.5091,2.4991
3.5111,2.4991
3.5131,2.4991
3.5151,2.4991
3.5171,2.4991
3.5191,2.4991
3.5211,2.4991
3.5231,2.4991
3.5251,2.4991
3.5271,2.4991
3.5291,2.4991
3.5311,2.4991
3.5331,2.4991
3.5351,2.4991
3.5371,2.4991
3.5391,2.4991
3.5411,2.4991
3.5431,2.4991
3.5451,2.4991
3.5471,2.4991
3.5491,2.4991
3.5511,2.4991
3.5531,2.4991
3.5551,2.4991
3.5571,2.4991
3.5591,2.4991
3.5611,2.4991
3.5631,2.4991
3.5651,2.4991
3.5671,2.4991
3.5691,2.4991
3.5711,2.4991
3.5731,2.4991
3.5751,2.4991
3.5771,2.4991
3.5791,2.4991
3.5811,2.4991
3.5831,2.4991
3.5851,2.4991
3.5871,2.4991
3.5891,2.4991
3.5911,2.4991
3.5931,2.4991
3.5951,2.4991
3.5971,2.4991
3.5991,2.4991
3.6011,2.4991
3.6031,2.4991
3.6051,2.4991
3.6071,2.4991
3.6091,2.4991
3.6111,2.4991
3.6131,2.4991
3.6151,2.4991
3.6171,2.4991
3.6191,2.4991
3.6211,2.4991
3.6231,2.4991
3.6251,2.4991
3.6271,2.4991
3.6291,2.4991
3.6311,2.4991
3.6331,2.4991
3.6351,2.4991
3.6371,2.4991
3.6391,2.4991
3.6411,2.4991
3.6431,2.4991
3.6451,2.4991
3.6471,2.4991
3.6491,2.4991
3.6511,2.4991
3.6531,2.4991
3.6551,2.4991
3.6571,2.4991
3.6591,2.4991
3.6611,2.4991
3.6631,2.4991
3.6651,2.4991
3.6671,2.4991
3.6691,2.4991
3.6711,2.4991
3.6731,2.4991
3.6751,2.4991
3.6771,2.4991
3.6791,2.4991
3.6811,2.4991
3.6831,2.4991
3.6851,2.4991
3.6871,2.4991
3.6891,2.4991
3.6911,2.4991
3.6931,2.4991
3.6951,2.4991
3.6971,2.4991
3.6991,2.4991
3.7011,2.4991
3.7031,2.4991
3.7051,2.4991
3.7071,2.4991
3.7091,2.4991
3.7111,2.4991
3.7131,2.4991
3.7151,2.4991
3.7171,2.4991
3.7191,2.4991
3.7211,2.4991
3.7231,2.4991
3.7251,2.4991
3.7271,2.4991
3.7291,2.4991
3.7311,2.4991
3.7331,2.4991
3.7351,2.4991
3.7371,2.4991
3.7391,2.4991
3.7411,2.4991
3.7431,2.4991
3.7451,2.4991
3.7471,2.4991
3.7491,2.4991
3.7511,2.4991
3.7531,2.4991
3.7551,2.4991
3.7571,2.4991
3.7591,2.4991
3.7611,2.4991
3.7631,2.4991
3.7651,2.4991
3.7671,2.4991
3.7691,2.4991
3.7711,2.4991
3.7731,2.4991
3.7751,2.4991
3.7771,2.4991
3.7791,2.4991
3.7811,2.4991
3.7831,2.4991
3.7851,2.4991
3.7871,2.4991
3.7891,2.4991
3.7911,2.4991
3.7931,2.4991
3.7951,2.4991
3.7971,2.4991
3.7991,2.4991
3.8011,2.4991
3.8031,2.4991
3.8051,2.4991
3.8071,2.4991
3.8091,2.4991
3.8111,2.4991
3.8131,2.4991
3.8151,2.4991
3.8171,2.4991
3.8191,2.4991
3.8211,2.4991
3.8231,2.4991
3.8251,2.4991
3.8271,2.4991
3.8291,2.4991
3.8311,2.4991
3.8331,2.4991
3.8351,2.4991
3.8371,2.4991
3.8391,2.4991
3.8411,2.4991
3.8431,2.4991
3.8451,2.4991
3.8471,2.4991
3.8491,2.4991
3.8511,2.4991
3.8531,2.4991
3.8551,2.4991
3.8571,2.4991
3.8591,2.4991
3.8611,2.4991
3.8631,2.4991
3.8651,2.4991
3.8671,2.4991
3.8691,2.4991
3.8711,2.4991
3.8731,2.4991
3.8751,2.4991
3.8771,2.4991
3.8791,2.4991
3.8811,2.4991
3.8831,2.4991
3.8851,2.4991
3.8871,2.4991
3.8891,2.4991
3.8911,2.4991
3.8931,2.4991
3.8951,2.4991
3.8971,2.4991
3.8991,2.4991
3.9011,2.4991
3.9031,2.4991
3.9051,2.4991
3.9071,2.4991
3.9091,2.4991
3.9111,2.4991
3.9131,2.4991
3.9151,2.4991
3.9171,2.4991
3.9191,2.4991
3.9211,2.4991
3.9231,2.4991
3.9251,2.4991
3.9271,2.4991
3.9291,2.4991
3.9311,2.4991
3.9331,2.4991
3.9351,2.4991
3.9371,2.4991
3.9391,2.4991
3.9411,2.4991
3.9431,2.4991
3.9451,2.4991
3.9471,2.4991
3.9491,2.4991
3.9511,2.4991
3.9531,2.4991
3.9551,2.4991
3.9571,2.4991
3.9591,2.4991
3.9611,2.4991
3.9631,2.4991
3.9651,2.4991
3.9671,2.4991
3.9691,2.4991
3.9711,2.4991
3.9731,2.4991
3.9751,2.4991
3.9771,2.4991
3.9791,2.4991
3.9811,2.4991
3.9831,2.4991
3.9851,2.4991
3.9871,2.4991
3.9891,2.4991
3.9911,2.4991
3.9931,2.4991
3.9951,2.4991
3.9971,2.4991
3.9991,2.4991
4.0011,2.4991
4.0031,2.4991
4.0051,2.4991
4.0071,2.4991
4.0091,2.4991
4.0111,2.4991
4.0131,2.4991
4.0151,2.4991
4.0171,2.4991
4.0191,2.4991
4.0211,2.4991
4.0231,2.4991
4.0251,2.4991
4.0271,2.4991
4.0291,2.4991
4.0311,2.4991
4.0331,2.4991
4.0351,2.4991
4.0371,2.4991
4.0391,2.4991
4.0411,2.4991
4.0431,2.4991
4.0451,2.4991
4.0471,2.4991
4.0491,2.4991
4.0511,2.4991
4.0531,2.4991
4.0551,2.4991
4.0571,2.4991
4.0591,2.4991
4.0611,2.4991
4.0631,2.4991
4.0651,2.4991
4.0671,2.4991
4.0691,2.4991
4.0711,2.4991
4.0731,2.4991
4.0751,2.4991
4.0771,2.4991
4.0791,2.4991
4.0811,2.4991
4.0831,2.4991
4.0851,2.4991
4.0871,2.4991
4.0891,2.4991
4.0911,2.4991
4.0931,2.4991
4.0951,2.4991
4.0971,2.4991
4.0991,2.4991
4.1011,2.4991
4.1031,2.4991
4.1051,2.4991
4.1071,2.4991
4.1091,2.4991
4.1111,2.4991
4.1131,2.4991
4.1151,2.4991
4.1171,2.4991
4.1191,2.4991
4.1211,2.4991
4.1231,2.4991
4.1251,2.4991
4.1271,2.4991
4.1291,2.4991
4.1311,2.4991
4.1331,2.4991
4.1351,2.4991
4.1371,2.4991
4.1391,2.4991
4.1411,2.4991
4.1431,2.4991
4.1451,2.4991
4.1471,2.4991
4.1491,2.4991
4.1511,2.4991
4.1531,2.4991
4.1551,2.4991
4.1571,2.4991
4.1591,2.4991
4.1611,2.4991
4.1631,2.4991
4.1651,2.4991
4.1671,2.4991
4.1691,2.4991
4.1711,2.4991
4.1731,2.4991
4.1751,2.4991
4.1771,2.4991
4.1791,2.4991
4.1811,2.4991
4.1831,2.4991
4.1851,2.4991
4.1871,2.4991
4.1891,2.4991
4.1911,2.4991
4.1931,2.4991
4.1951,2.4991
4.1971,2.4991
4.1991,2.4991
4.2011,2.4991
4.2031,2.4991
4.2051,2.4991
4.2071,2.4991
4.2091,2.4991
4.2111,2.4991
4.2131,2.4991
4.2151,2.4991
4.2171,2.4991
4.2191,2.4991
4.2211,2.4991
4.2231,2.4991
4.2251,2.4991
4.2271,2.4991
4.2291,2.4991
4.2311,2.4991
4.2331,2.4991
4.2351,2.4991
4.2371,2.4991
4.2391,2.4991
4.2411,2.4991
4.2431,2.4991
4.2451,2.4991
4.2471,2.4991
4.2491,2.4991
4.2511,2.4991
4.2531,2.4991
4.2551,2.4991
4.2571,2.4991
4.2591,2.4991
4.2611,2.4991
4.2631,2.4991
4.2651,2.4991
4.2671,2.4991
4.2691,2.4991
4.2711,2.4991
4.2731,2.4991
4.2751,2.4991
4.2771,2.4991
4.2791,2.4991
4.2811,2.4991
4.2831,2.4991
4.2851,2.4991
4.2871,2.4991
4.2891,2.4991
4.2911,2.4991
4.2931,2.4991
4.2951,2.4991
4.2971,2.4991
4.2991,2.4991
4.3011,2.4991
4.3031,2.4991
4.3051,2.4991
4.3071,2.4991
4.3091,2.4991
4.3111,2.4991
4.3131,2.4991
4.3151,2.4991
4.3171,2.4991
4.3191,2.4991
4.3211,2.4991
4.3231,2.4991
4.3251,2.4991
4.3271,2.4991
4.3291,2.4991
4.3311,2.4991
4.3331,2.4991
4.3351,2.4991
4.3371,2.4991
4.3391,2.4991
4.3411,2.4991
4.3431,2.4991
4.3451,2.4991
4.3471,2.4991
4.3491,2.4991
4.3511,2.4991
4.3531,2.4991
4.3551,2.4991
4.3571,2.4991
4.3591,2.4991
4.3611,2.4991
4.3631,2.4991
4.3651,2.4991
4.3671,2.4991
4.3691,2.4991
4.3711,2.4991
4.3731,2.4991
4.3751,2.4991
4.3771,2.4991
4.3791,2.4991
4.3811,2.4991
4.3831,2.4991
4.3851,2.4991
4.3871,2.4991
4.3891,2.4991
4.3911,2.4991
4.3931,2.4991
4.3951,2.4991
4.3971,2.4991
4.3991,2.4991
4.4011,2.4991
4.4031,2.4991
4.4051,2.4991
4.4071,2.4991
4.4091,2.4991
4.4111,2.4991
4.4131,2.4991
4.4151,2.4991
4.4171,2.4991
4.4191,2.4991
4.4211,2.4991
4.4231,2.4991
4.4251,2.4991
4.4271,2.4991
4.4291,2.4991
4.4311,2.4991
4.4331,2.4991
4.4351,2.4991
4.4371,2.4991
4.4391,2.4991
4.4411,2.4991
4.4431,2.4991
4.4451,2.4991
4.4471,2.4991
4.4491,2.4991
4.4511,2.4991
4.4531,2.4991
4.4551,2.4991
4.4571,2.4991
4.4591,2.4991
4.4611,2.4991
4.4631,2.4991
4.4651,2.4991
4.4671,2.4991
4.4691,2.4991
4.4711,2.4991
4.4731,2.4991
4.4751,2.4991
4.4771,2.4991
4.4791,2.4991
4.4811,2.4991
4.4831,2.4991
4.4851,2.4991
4.4871,2.4991
4.4891,2.4991
4.4911,2.4991
4.4931,2.4991
4.4951,2.4991
4.4971,2.4991
4.4991,2.4991
4.5011,2.4991
4.5031,2.4991
4.5051,2.4991
4.5071,2.4991
4.5091,2.4991
4.5111,2.4991
4.5131,2.4991
4.5151,2.4991
4.5171,2.4991
4.5191,2.4991
4.5211,2.4991
4.5231,2.4991
4.5251,2.4991
4.5271,2.4991
4.5291,2.4991
4.5311,2.4991
4.5331,2.4991
4.5351,2.4991
4.5371,2.4991
4.5391,2.4991
4.5411,2.4991
4.5431,2.4991
4.5451,2.4991
4.5471,2.4991
4.5491,2.4991
4.5511,2.4991
4.5531,2.4991
4.5551,2.4991
4.5571,2.4991
4.5591,2.4991
4.5611,2.4991
4.5631,2.4991
4.5651,2.4991
4.5671,2.4991
4.5691,2.4991
4.5711,2.4991
4.5731,2.4991
4.5751,2.4991
4.5771,2.4991
4.5791,2.4991
4.5811,2.4991
4.5831,2.4991
4.5851,2.4991
4.5871,2.4991
4.5891,2.4991
4.5911,2.4991
4.5931,2.4991
4.5951,2.4991
4.5971,2.4991
4.5991,2.4991
4.6011,2.4991
4.6031,2.4991
4.6051,2.4991
4.6071,2.4991
4.6091,2.4991
4.6111,2.4991
4.6131,2.4991
4.6151,2.4991
4.6171,2.4991
4.6191,2.4991
4.6211,2.4991
4.6231,2.4991
4.6251,2.4991
4.6271,2.4991
4.6291,2.4991
4.6311,2.4991
4.6331,2.4991
4.6351,2.4991
4.6371,2.4991
4.6391,2.4991
4.6411,2.4991
4.6431,2.4991
4.6451,2.4991
4.6471,2.4991
4.6491,2.4991
4.6511,2.4991
4.6531,2.4991
4.6551,2.4991
4.6571,2.4991
4.6591,2.4991
4.6611,2.4991
4.6631,2.4991
4.6651,2.4991
4.6671,2.4991
4.6691,2.4991
4.6711,2.4991
4.6731,2.4991
4.6751,2.4991
4.6771,2.4991
4.6791,2.4991
4.6811,2.4991
4.6831,2.4991
4.6851,2.4991
4.6871,2.4991
4.6891,2.4991
4.6911,2.4991
4.6931,2.4991
4.6951,2.4991
4.6971,2.4991
4.6991,2.4991
4.7011,2.4991
4.7031,2.4991
4.7051,2.4991
4.7071,2.4991
4.7091,2.4991
4.7111,2.4991
4.7131,2.4991
4.7151,2.4991
4.7171,2.4991
4.7191,2.4991
4.7211,2.4991
4.7231,2.4991
4.7251,2.4991
4.7271,2.4991
4.7291,2.4991
4.7311,2.4991
4.7331,2.4991
4.7351,2.4991
4.7371,2.4991
4.7391,2.4991
4.7411,2.4991
4.7431,2.4991
4.7451,2.4991
4.7471,2.4991
4.7491,2.4991
4.7511,2.4991
4.7531,2.4991
4.7551,2.4991
4.7571,2.4991
4.7591,2.4991
4.7611,2.4991
4.7631,2.4991
4.7651,2.4991
4.7671,2.4991
4.7691,2.4991
4.7711,2.4991
4.7731,2.4991
4.7751,2.4991
4.7771,2.4991
4.7791,2.4991
4.7811,2.4991
4.7831,2.4991
4.7851,2.4991
4.7871,2.4991
4.7891,2.4991
4.7911,2.4991
4.7931,2.4991
4.7951,2.4991
4.7971,2.4991
4.7991,2.4991
4.8011,2.4991
4.8031,2.4991
4.8051,2.4991
4.8071,2.4991
4.8091,2.4991
4.8111,2.4991
4.8131,2.4991
4.8151,2.4991
4.8171,2.4991
4.8191,2.4991
4.8211,2.4991
4.8231,2.4991
4.8251,2.4991
4.8271,2.4991
4.8291,2.4991
4.8311,2.4991
4.8331,2.4991
4.8351,2.4991
4.8371,2.4991
4.8391,2.4991
4.8411,2.4991
4.8431,2.4991
4.8451,2.4991
4.8471,2.4991
4.8491,2.4991
4.8511,2.4991
4.8531,2.4991
4.8551,2.4991
4.8571,2.4991
4.8591,2.4991
4.8611,2.4991
4.8631,2.4991
4.8651,2.4991
4.8671,2.4991
4.8691,2.4991
4.8711,2.4991
4.8731,2.4991
4.8751,2.4991
4.8771,2.4991
4.8791,2.4991
4.8811,2.4991
4.8831,2.4991
4.8851,2.4991
4.8871,2.4991
4.8891,2.4991
4.8911,2.4991
4.8931,2.4991
4.8951,2.4991
4.8971,2.4991
4.8991,2.4991
4.9011,2.4991
4.9031,2.4991
4.9051,2.4991
4.9071,2.4991
4.9091,2.4991
4.9111,2.4991
4.9131,2.4991
4.9151,2.4991
4.9171,2.4991
4.9191,2.4991
4.9211,2.4991
4.9231,2.4991
4.9251,2.4991
4.9271,2.4991
4.9291,2.4991
4.9311,2.4991
4.9331,2.4991
4.9351,2.4991
4.9371,2.4991
4.9391,2.4991
4.9411,2.4991
4.9431,2.4991
4.9451,2.4991
4.9471,2.4991
4.9491,2.4991
4.9511,2.4991
4.9531,2.4991
4.9551,2.4991
4.9571,2.4991
4.9591,2.4991
4.9611,2.4991
4.9631,2.4991
4.9651,2.4991
4.9671,2.4991
4.9691,2.4991
4.9711,2.4991
4.9731,2.4991
4.9751,2.4991
4.9771,2.4991
4.9791,2.4991
4.9811,2.4991
4.9831,2.4991
4.9851,2.4991
4.9871,2.4991
4.9891,2.4991
4.9911,2.4991
4.9931,2.4991
4.9951,2.4991
4.9971,2.4991
4.9991,2.4991
5.0011,2.4991
5.0031,2.4991
5.0051,2.4991
5.0071,2.4991
5.0091,2.4991
5.0111,2.4991
5.0131,2.4991
5.0151,2.4991
5.0171,2.4991
5.0191,2.4991
5.0211,2.4991
5.0231,2.4991
5.0251,2.4991
5.0271,2.4991
5.0291,2.4991
5.0311,2.4991
5.0331,2.4991
5.0351,2.4991
5.0371,2.4991
5.0391,2.4991
5.0411,2.4991
5.0431,2.4991
5.0451,2.4991
5.0471,2.4991
5.0491,2.4991
5.0511,2.4991
5.0531,2.4991
5.0551,2.4991
5.0571,2.4991
5.0591,2.4991
5.0611,2.4991
5.0631,2.4991
5.0651,2.4991
5.0671,2.4991
5.0691,2.4991
5.0711,2.4991
5.0731,2.4991
5.0751,2.4991
5.0771,2.4991
5.0791,2.4991
5.0811,2.4991
5.0831,2.4991
5.0851,2.4991
5.0871,2.4991
5.0891,2.4991
5.0911,2.4991
5.0931,2.4991
5.0951,2.4991
5.0971,2.4991
5.0991,2.4991
5.1011,2.4991
5.1031,2.4991
5.1051,2.4991
5.1071,2.4991
5.1091,2.4991
5.1111,2.4991
5.1131,2.4991
5.1151,2.4991
5.1171,2.4991
5.1191,2.4991
5.1211,2.4991
5.1231,2.4991
5.1251,2.4991
5.1271,2.4991
5.1291,2.4991
5.1311,2.4991
5.1331,2.4991
5.1351,2.4991
5.1371,2.4991
5.1391,2.4991
5.1411,2.4991
5.1431,2.4991
5.1451,2.4991
5.1471,2.4991
5.1491,2.4991
5.1511,2.4991
5.1531,2.4991
5.1551,2.4991
5.1571,2.4991
5.1591,2.4991
5.1611,2.4991
5.1631,2.4991
5.1651,2.4991
5.1671,2.4991
5.1691,2.4991
5.1711,2.4991
5.1731,2.4991
5.1751,2.4991
5.1771,2.4991
5.1791,2.4991
5.1811,2.4991
5.1831,2.4991
5.1851,2.4991
5.1871,2.4991
5.1891,2.4991
5.1911,2.4991
5.1931,2.4991
5.1951,2.4991
5.1971,2.4991
5.1991,2.4991
5.2011,2.4991
5.2031,2.4991
5.2051,2.4991
5.2071,2.4991
5.2091,2.4991
5.2111,2.4991
5.2131,2.4991
5.2151,2.4991
5.2171,2.4991
5.2191,2.4991
5.2211,2.4991
5.2231,2.4991
5.2251,2.4991
5.2271,2.4991
5.2291,2.4991
5.2311,2.4991
5.2331,2.4991
5.2351,2.4991
5.2371,2.4991
5.2391,2.4991
5.2411,2.4991
5.2431,2.4991
5.2451,2.4991
5.2471,2.4991
5.2491,2.4991
5.2511,2.4991
5.2531,2.4991
5.2551,2.4991
5.2571,2.4991
5.2591,2.4991
5.2611,2.4991
5.2631,2.4991
5.2651,2.4991
5.2671,2.4991
5.2691,2.4991
5.2711,2.4991
5.2731,2.4991
5.2751,2.4991
5.2771,2.4991
5.2791,2.4991
5.2811,2.4991
5.2831,2.4991
5.2851,2.4991
5.2871,2.4991
5.2891,2.4991
5.2911,2.4991
5.2931,2.4991
5.2951,2.4991
5.2971,2.4991
5.2991,2.4991
5.3011,2.4991
5.3031,2.4991
5.3051,2.4991
5.3071,2.4991
5.3091,2.4991
5.3111,2.4991
5.3131,2.4991
5.3151,2.4991
5.3171,2.4991
5.3191,2.4991
5.3211,2.4991
5.3231,2.4991
5.3251,2.4991
5.3271,2.4991
5.3291,2.4991
5.3311,2.4991
5.3331,2.4991
5.3351,2.4991
5.3371,2.4991
5.3391,2.4991
5.3411,2.4991
5.3431,2.4991
5.3451,2.4991
5.3471,2.4991
5.3491,2.4991
5.3511,2.4991
5.3531,2.4991
5.3551,2.4991
5.3571,2.4991
5.3591,2.4991
5.3611,2.4991
5.3631,2.4991
5.3651,2.4991
5.3671,2.4991
5.3691,2.4991
5.3711,2.4991
5.3731,2.4991
5.3751,2.4991
5.3771,2.4991
5.3791,2.4991
5.3811,2.4991
5.3831,2.4991
5.3851,2.4991
5.3871,2.4991
5.3891,2.4991
5.3911,2.4991
5.3931,2.4991
5.3951,2.4991
5.3971,2.4991
5.3991,2.4991
5.4011,2.4991
5.4031,2.4991
5.4051,2.4991
5.4071,2.4991
5.4091,2.4991
5.4111,2.4991
5.4131,2.4991
5.4151,2.4991
5.4171,2.4991
5.4191,2.4991
5.4211,2.4991
5.4231,2.4991
5.4251,2.4991
5.4271,2.4991
5.4291,2.4991
5.4311,2.4991
5.4331,2.4991
5.4351,2.4991
5.4371,2.4991
5.4391,2.4991
5.4411,2.4991
5.4431,2.4991
5.4451,2.4991
5.4471,2.4991
5.4491,2.4991
5.4511,2.4991
5.4531,2.4991
5.4551,2.4991
5.4571,2.4991
5.4591,2.4991
5.4611,2.4991
5.4631,2.4991
5.4651,2.4991
5.4671,2.4991
5.4691,2.4991
5.4711,2.4991
5.4731,2.4991
5.4751,2.4991
5.4771,2.4991
5.4791,2.4991
5.4811,2.4991
5.4831,2.4991
5.4851,2.4991
5.4871,2.4991
5.4891,2.4991
5.4911,2.4991
5.4931,2.4991
5.4951,2.4991
5.4971,2.4991
5.4991,2.4991
5.5011,2.4991
5.5031,2.4991
5.5051,2.4991
5.5071,2.4991
5.5091,2.4991
5.5111,2.4991
5.5131,2.4991
5.5151,2.4991
5.5171,2.4991
5.5191,2.4991
5.5211,2.4991
5.5231,2.4991
5.5251,2.4991
5.5271,2.4991
5.5291,2.4991
5.5311,2.4991
5.5331,2.4991
5.5351,2.4991
5.5371,2.4991
5.5391,2.4991
5.5411,2.4991
5.5431,2.4991
5.5451,2.4991
5.5471,2.4991
5.5491,2.4991
5.5511,2.4991
5.5531,2.4991
5.5551,2.4991
5.5571,2.4991
5.5591,2.4991
5.5611,2.4991
5.5631,2.4991
5.5651,2.4991
5.5671,2.4991
5.5691,2.4991
5.5711,2.4991
5.5731,2.4991
5.5751,2.4991
5.5771,2.4991
5.5791,2.4991
5.5811,2.4991
5.5831,2.4991
5.5851,2.4991
5.5871,2.4991
5.5891,2.4991
5.5911,2.4991
5.5931,2.4991
5.5951,2.4991
5.5971,2.4991
5.5991,2.4991
5.6011,2.4991
5.6031,2.4991
5.6051,2.4991
5.6071,2.4991
5.6091,2.4991
5.6111,2.4991
5.6131,2.4991
5.6151,2.4991
5.6171,2.4991
5.6191,2.4991
5.6211,2.4991
5.6231,2.4991
5.6251,2.4991
5.6271,2.4991
5.6291,2.4991
5.6311,2.4991
5.6331,2.4991
5.6351,2.4991
5.6371,2.4991
5.6391,2.4991
5.6411,2.4991
5.6431,2.4991
5.6451,2.4991
5.6471,2.4991
5.6491,2.4991
5.6511,2.4991
5.6531,2.4991
5.6551,2.4991
5.6571,2.4991
5.6591,2.4991
5.6611,2.4991
5.6631,2.4991
5.6651,2.4991
5.6671,2.4991
5.6691,2.4991
5.6711,2.4991
5.6731,2.4991
5.6751,2.4991
5.6771,2.4991
5.6791,2.4991
5.6811,2.4991
5.6831,2.4991
5.6851,2.4991
5.6871,2.4991
5.6891,2.4991
5.6911,2.4991
5.6931,2.4991
5.6951,2.4991
5.6971,2.4991
5.6991,2.4991
5.7011,2.4991
5.7031,2.4991
5.7051,2.4991
5.7071,2.4991
5.7091,2.4991
5.7111,2.4991
5.7131,2.4991
5.7151,2.4991
5.7171,2.4991
5.7191,2.4991
5.7211,2.4991
5.7231,2.4991
5.7251,2.4991
5.7271,2.4991
5.7291,2.4991
5.7311,2.4991
5.7331,2.4991
5.7351,2.4991
5.7371,2.4991
5.7391,2.4991
5.7411,2.4991
5.7431,2.4991
5.7451,2.4991
5.7471,2.4991
5.7491,2.4991
5.7511,2.4991
5.7531,2.4991
5.7551,2.4991
5.7571,2.4991
5.7591,2.4991
5.7611,2.4991
5.7631,2.4991
5.7651,2.4991
5.7671,2.4991
5.7691,2.4991
5.7711,2.4991
5.7731,2.4991
5.7751,2.4991
5.7771,2.4991
5.7791,2.4991
5.7811,2.4991
5.7831,2.4991
5.7851,2.4991
5.7871,2.4991
5.7891,2.4991
5.7911,2.4991
5.7931,2.4991
5.7951,2.4991
5.7971,2.4991
5.7991,2.4991
5.8011,2.4991
5.8031,2.4991
5.8051,2.4991
5.8071,2.4991
5.8091,2.4991
5.8111,2.4991
5.8131,2.4991
5.8151,2.4991
5.8171,2.4991
5.8191,2.4991
5.8211,2.4991
5.8231,2.4991
5.8251,2.4991
5.8271,2.4991
5.8291,2.4991
5.8311,2.4991
5.8331,2.4991
5.8351,2.4991
5.8371,2.4991
5.8391,2.4991
5.8411,2.4991
5.8431,2.4991
5.8451,2.4991
5.8471,2.4991
5.8491,2.4991
5.8511,2.4991
5.8531,2.4991
5.8551,2.4991
5.8571,2.4991
5.8591,2.4991
5.8611,2.4991
5.8631,2.4991
5.8651,2.4991
5.8671,2.4991
5.8691,2.4991
5.8711,2.4991
5.8731,2.4991
5.8751,2.4991
5.8771,2.4991
5.8791,2.4991
5.8811,2.4991
5.8831,2.4991
5.8851,2.4991
5.8871,2.4991
5.8891,2.4991
5.8911,2.4991
5.8931,2.4991
5.8951,2.4991
5.8971,2.4991
5.8991,2.4991
5.9011,2.4991
5.9031,2.4991
5.9051,2.4991
5.9071,2.4991
5.9091,2.4991
5.9111,2.4991
5.9131,2.4991
5.9151,2.4991
5.9165,2.4991
5.9165,2.4991
5.9185,2.4991
5.9205,2.4991
5.9225,2.4991
5.9245,2.4991
5.9265,2.4991
5.9285,2.4991
5.9305,2.4991
5.9325,2.4991
5.9345,2.4991
5.9365,2.4991
5.9385,2.4991
5.9405,2.4991
5.9425,2.4991
5.9445,2.4991
5.9465,2.4991
5.9485,2.4991
5.9505,2.4991
5.9525,2.4991
5.9545,2.4991
5.9565,2.4991
5.9585,2.4991
5.9605,2.4991
5.9625,2.4991
5.9645,2.4991
5.9665,2.4991
5.9685,2.4991
5.9705,2.4991
5.9725,2.4991
5.9745,2.4991
5.9765,2.4991
5.9785,2.4991
5.9805,2.4991
5.9825,2.4991
5.9845,2.4991
5.9865,2.4991
5.9885,2.4991
5.9905,2.4991
5.9925,2.4991
5.9945,2.4991
5.9965,2.4991
5.9985,2.4991
6.0005,2.4991
6.0025,2.4991
6.0045,2.4991
6.0065,2.4991
6.0085,2.4991
6.0105,2.4991
6.0125,2.4991
6.0145,2.4991
6.0165,2.4991
6.0185,2.4991
6.0205,2.4991
6.0225,2.4991
6.0245,2.4991
6.0265,2.4991
6.0285,2.4991
6.0305,2.4991
6.0325,2.4991
6.0345,2.4991
6.0365,2.4991
6.0385,2.4991
6.0405,2.4991
6.0425,2.4991
6.0445,2.4991
6.0465,2.4991
6.0485,2.4991
6.0505,2.4991
6.0525,2.4991
6.0545,2.4991
6.0565,2.4991
6.0585,2.4991
6.0605,2.4991
6.0625,2.4991
6.0645,2.4991
6.0665,2.4991
6.0685,2.4991
6.0705,2.4991
6.0725,2.4991
6.0745,2.4991
6.0765,2.4991
6.0785,2.4991
6.0805,2.4991
6.0825,2.4991
6.0845,2.4991
6.0865,2.4991
6.0885,2.4991
6.0905,2.4991
6.0925,2.4991
6.0945,2.4991
6.0965,2.4991
6.0985,2.4991
6.1005,2.4991
6.1025,2.4991
6.1045,2.4991
6.1065,2.4991
6.1085,2.4991
6.1105,2.4991
6.1125,2.4991
6.1145,2.4991
6.1165,2.4991
6.1185,2.4991
6.1205,2.4991
6.1225,2.4991
6.1245,2.4991
6.1265,2.4991
6.1285,2.4991
6.1305,2.4991
6.1325,2.4991
6.1345,2.4991
6.1365,2.4991
6.1385,2.4991
6.1405,2.4991
6.1425,2.4991
6.1445,2.4991
6.1465,2.4991
6.1485,2.4991
6.1505,2.4991
6.1525,2.4991
6.1545,2.4991
6.1565,2.4991
6.1585,2.4991
6.1605,2.4991
6.1625,2.4991
6.1645,2.4991
6.1665,2.4991
6.1685,2.4991
6.1705,2.4991
6.1725,2.4991
6.1745,2.4991
6.1765,2.4991
6.1785,2.4991
6.1805,2.4991
6.1825,2.4991
6.1845,2.4991
6.1865,2.4991
6.1885,2.4991
6.1905,2.4991
6.1925,2.4991
6.1945,2.4991
6.1965,2.4991
6.1985,2.4991
6.2005,2.4991
6.2025,2.4991
6.2045,2.4991
6.2065,2.4991
6.2085,2.4991
6.2105,2.4991
6.2125,2.4991
6.2145,2.4991
6.2165,2.4991
6.2185,2.4991
6.2205,2.4991
6.2225,2.4991
6.2245,2.4991
6.2265,2.4991
6.2285,2.4991
6.2305,2.4991
6.2325,2.4991
6.2345,2.4991
6.2365,2.4991
6.2385,2.4991
6.2405,2.4991
6.2425,2.4991
6.2445,2.4991
6.2465,2.4991
6.2485,2.4991
6.2505,2.4991
6.2525,2.4991
6.2545,2.4991
6.2565,2.4991
6.2585,2.4991
6.2605,2.4991
6.2625,2.4991
6.2645,2.4991
6.2665,2.4991
6.2685,2.4991
6.2705,2.4991
6.2725,2.4991
6.2745,2.4991
6.2765,2.4991
6.2785,2.4991
6.2805,2.4991
6.2825,2.4991
6.2845,2.4991
6.2865,2.4991
6.2885,2.4991
6.2905,2.4991
6.2925,2.4991
6.2945,2.4991
6.2965,2.4991
6.2985,2.4991
6.3005,2.4991
6.3025,2.4991
6.3045,2.4991
6.3065,2.4991
6.3085,2.4991
6.3105,2.4991
6.3125,2.4991
6.3145,2.4991
6.3165,2.4991
6.3185,2.4991
6.3205,2.4991
6.3225,2.4991
6.3245,2.4991
6.3265,2.4991
6.3285,2.4991
6.3305,2.4991
6.3325,2.4991
6.3345,2.4991
6.3365,2.4991
6.3385,2.4991
6.3405,2.4991
6.3425,2.4991
6.3445,2.4991
6.3465,2.4991
6.3485,2.4991
6.3505,2.4991
6.3525,2.4991
6.3545,2.4991
6.3565,2.4991
6.3585,2.4991
6.3605,2.4991
6.3625,2.4991
6.3645,2.4991
6.3665,2.4991
6.3685,2.4991
6.3705,2.4991
6.3725,2.4991
6.3745,2.4991
6.3765,2.4991
6.3785,2.4991
6.3805,2.4991
6.3825,2.4991
6.3845,2.4991
6.3865,2.4991
6.3885,2.4991
6.3905,2.4991
6.3925,2.4991
6.3945,2.4991
6.3965,2.4991
6.3985,2.4991
6.4005,2.4991
6.4025,2.4991
6.4045,2.4991
6.4065,2.4991
6.4085,2.4991
6.4105,2.4991
6.4125,2.4991
6.4145,2.4991
6.4165,2.4991
6.4185,2.4991
6.4205,2.4991
6.4225,2.4991
6.4245,2.4991
6.4265,2.4991
6.4285,2.4991
6.4305,2.4991
6.4325,2.4991
6.4345,2.4991
6.4365,2.4991
6.4385,2.4991
6.4405,2.4991
6.4425,2.4991
6.4445,2.4991
6.4465,2.4991
6.4485,2.4991
6.4505,2.4991
6.4525,2.4991
6.4545,2.4991
6.4565,2.4991
6.4585,2.4991
6.4605,2.4991
6.4625,2.4991
6.4645,2.4991
6.4665,2.4991
6.4685,2.4991
6.4705,2.4991
6.4725,2.4991
6.4745,2.4991
6.4765,2.4991
6.4785,2.4991
6.4805,2.4991
6.4825,2.4991
6.4845,2.4991
6.4865,2.4991
6.4885,2.4991
6.4905,2.4991
6.4925,2.4991
6.4945,2.4991
6.4965,2.4991
6.4985,2.4991
6.5005,2.4991
6.5025,2.4991
6.5045,2.4991
6.5065,2.4991
6.5085,2.4991
6.5105,2.4991
6.5125,2.4991
6.5145,2.4991
6.5165,2.4991
6.5185,2.4991
6.5205,2.4991
6.5225,2.4991
6.5245,2.4991
6.5265,2.4991
6.5285,2.4991
6.5305,2.4991
6.5325,2.4991
6.5345,2.4991
6.5365,2.4991
6.5385,2.4991
6.5405,2.4991
6.5425,2.4991
6.5445,2.4991
6.5465,2.4991
6.5485,2.4991
6.5505,2.4991
6.5525,2.4991
6.5545,2.4991
6.5565,2.4991
6.5585,2.4991
6.5605,2.4991
6.5625,2.4991
6.5645,2.4991
6.5665,2.4991
6.5685,2.4991
6.5705,2.4991
6.5725,2.4991
6.5745,2.4991
6.5765,2.4991
6.5785,2.4991
6.5805,2.4991
6.5825,2.4991
6.5845,2.4991
6.5865,2.4991
6.5885,2.4991
6.5905,2.4991
6.5925,2.4991
6.5945,2.4991
6.5965,2.4991
6.5985,2.4991
6.6005,2.4991
6.6025,2.4991
6.6045,2.4991
6.6065,2.4991
6.6085,2.4991
6.6105,2.4991
6.6125,2.4991
6.6145,2.4991
6.6165,2.4991
6.6185,2.4991
6.6205,2.4991
6.6225,2.4991
6.6245,2.4991
6.6265,2.4991
6.6285,2.4991
6.6305,2.4991
6.6325,2.4991
6.6345,2.4991
6.6365,2.4991
6.6385,2.4991
6.6405,2.4991
6.6425,2.4991
6.6445,2.4991
6.6465,2.4991
6.6485,2.4991
6.6505,2.4991
6.6525,2.4991
6.6545,2.4991
6.6565,2.4991
6.6585,2.4991
6.6605,2.4991
6.6625,2.4991
6.6645,2.4991
6.6665,2.4991
6.6685,2.4991
6.6705,2.4991
6.6725,2.4991
6.6745,2.4991
6.6765,2.4991
6.6785,2.4991
6.6805,2.4991
6.6825,2.4991
6.6845,2.4991
6.6865,2.4991
6.6885,2.4991
6.6905,2.4991
6.6925,2.4991
6.6945,2.4991
6.6965,2.4991
6.6985,2.4991
6.7005,2.4991
6.7025,2.4991
6.7045,2.4991
6.7065,2.4991
6.7085,2.4991
6.7105,2.4991
6.7125,2.4991
6.7145,2.4991
6.7165,2.4991
6.7185,2.4991
6.7205,2.4991
6.7225,2.4991
6.7245,2.4991
6.7265,2.4991
6.7285,2.4991
6.7305,2.4991
6.7325,2.4991
6.7345,2.4991
6.7365,2.4991
6.7385,2.4991
6.7405,2.4991
6.7425,2.4991
6.7445,2.4991
6.7465,2.4991
6.7485,2.4991
6.7505,2.4991
6.7525,2.4991
6.7545,2.4991
6.7565,2.4991
6.7585,2.4991
6.7605,2.4991
6.7625,2.4991
6.7645,2.4991
6.7665,2.4991
6.7685,2.4991
6.7705,2.4991
6.7725,2.4991
6.7745,2.4991
6.7765,2.4991
6.7785,2.4991
6.7805,2.4991
6.7825,2.4991
6.7845,2.4991
6.7865,2.4991
6.7885,2.4991
6.7905,2.4991
6.7925,2.4991
6.7945,2.4991
6.7965,2.4991
6.7985,2.4991
6.8005,2.4991
6.8025,2.4991
6.8045,2.4991
6.8065,2.4991
6.8085,2.4991
6.8105,2.4991
6.8125,2.4991
6.8145,2.4991
6.8165,2.4991
6.8185,2.4991
6.8205,2.4991
6.8225,2.4991
6.8245,2.4991
6.8265,2.4991
6.8285,2.4991
6.8305,2.4991
6.8325,2.4991
6.8345,2.4991
6.8365,2.4991
6.8385,2.4991
6.8405,2.4991
6.8425,2.4991
6.8445,2.4991
6.8465,2.4991
6.8485,2.4991
6.8505,2.4991
6.8525,2.4991
6.8545,2.4991
6.8565,2.4991
6.8585,2.4991
6.8605,2.4991
6.8625,2.4991
6.8645,2.4991
6.8665,2.4991
6.8685,2.4991
6.8705,2.4991
6.8725,2.4991
6.8745,2.4991
6.8765,2.4991
6.8785,2.4991
6.8805,2.4991
6.8825,2.4991
6.8845,2.4991
6.8865,2.4991
6.8885,2.4991
6.8905,2.4991
6.8925,2.4991
6.8945,2.4991
6.8965,2.4991
6.8985,2.4991
6.9005,2.4991
6.9025,2.4991
6.9045,2.4991
6.9065,2.4991
6.9085,2.4991
6.9105,2.4991
6.9125,2.4991
6.9145,2.4991
6.9165,2.4991
6.9185,2.4991
6.9205,2.4991
6.9225,2.4991
6.9245,2.4991
6.9265,2.4991
6.9285,2.4991
6.9305,2.4991
6.9325,2.4991
6.9345,2.4991
6.9365,2.4991
6.9385,2.4991
6.9405,2.4991
6.9425,2.4991
6.9445,2.4991
6.9465,2.4991
6.9485,2.4991
6.9505,2.4991
6.9525,2.4991
6.9545,2.4991
6.9565,2.4991
6.9585,2.4991
6.9605,2.4991
6.9625,2.4991
6.9645,2.4991
6.9665,2.4991
6.9685,2.4991
6.9705,2.4991
6.9725,2.4991
6.9745,2.4991
6.9765,2.4991
6.9785,2.4991
6.9805,2.4991
6.9825,2.4991
6.9845,2.4991
6.9865,2.4991
6.9885,2.4991
6.9905,2.4991
6.9925,2.4991
6.9945,2.4991
6.9965,2.4991
6.9985,2.4991
7.0005,2.4991
7.0025,2.4991
7.0045,2.4991
7.0065,2.4991
7.0085,2.4991
7.0105,2.4991
7.0125,2.4991
7.0145,2.4991
7.0165,2.4991
7.0185,2.4991
7.0205,2.4991
7.0225,2.4991
7.0245,2.4991
7.0265,2.4991
7.0285,2.4991
7.0305,2.4991
7.0325,2.4991
7.0345,2.4991
7.0365,2.4991
7.0385,2.4991
7.0405,2.4991
7.0425,2.4991
7.0445,2.4991
7.0465,2.4991
7.0485,2.4991
7.0505,2.4991
7.0525,2.4991
7.0545,2.4991
7.0565,2.4991
7.0585,2.4991
7.0605,2.4991
7.0625,2.4991
7.0645,2.4991
7.0665,2.4991
7.0685,2.4991
7.0705,2.4991
7.0725,2.4991
7.0745,2.4991
7.0765,2.4991
7.0785,2.4991
7.0805,2.4991
7.0825,2.4991
7.0845,2.4991
7.0865,2.4991
7.0885,2.4991
7.0905,2.4991
7.0925,2.4991
7.0945,2.4991
7.0965,2.4991
7.0985,2.4991
7.1005,2.4991
7.1025,2.4991
7.1045,2.4991
7.1065,2.4991
7.1085,2.4991
7.1105,2.4991
7.1125,2.4991
7.1145,2.4991
7.1165,2.4991
7.1185,2.4991
7.1205,2.4991
7.1225,2.4991
7.1245,2.4991
7.1265,2.4991
7.1285,2.4991
7.1305,2.4991
7.1325,2.4991
7.1345,2.4991
7.1365,2.4991
7.1385,2.4991
7.1405,2.4991
7.1425,2.4991
7.1445,2.4991
7.1465,2.4991
7.1485,2.4991
7.1505,2.4991
7.1525,2.4991
7.1545,2.4991
7.1565,2.4991
7.1585,2.4991
7.1605,2.4991
7.1625,2.4991
7.1645,2.4991
7.1665,2.4991
7.1685,2.4991
7.1705,2.4991
7.1725,2.4991
7.1745,2.4991
7.1765,2.4991
7.1785,2.4991
7.1805,2.4991
7.1825,2.4991
7.1845,2.4991
7.1865,2.4991
7.1885,2.4991
7.1905,2.4991
7.1925,2.4991
7.1945,2.4991
7.1965,2.4991
7.1985,2.4991
7.2005,2.4991
7.2025,2.4991
7.2045,2.4991
7.2065,2.4991
7.2085,2.4991
7.2105,2.4991
7.2125,2.4991
7.2145,2.4991
7.2165,2.4991
7.2185,2.4991
7.2205,2.4991
7.2225,2.4991
7.2245,2.4991
7.2265,2.4991
7.2285,2.4991
7.2305,2.4991
7.2325,2.4991
7.2345,2.4991
7.2365,2.4991
7.2385,2.4991
7.2405,2.4991
7.2425,2.4991
7.2445,2.4991
7.2465,2.4991
7.2485,2.4991
7.2505,2.4991
7.2525,2.4991
7.2545,2.4991
7.2565,2.4991
7.2585,2.4991
7.2605,2.4991
7.2625,2.4991
7.2645,2.4991
7.2665,2.4991
7.2685,2.4991
7.2705,2.4991
7.2725,2.4991
7.2745,2.4991
7.2765,2.4991
7.2785,2.4991
7.2805,2.4991
7.2825,2.4991
7.2845,2.4991
7.2865,2.4991
7.2885,2.4991
7.2905,2.4991
7.2925,2.4991
7.2945,2.4991
7.2965,2.4991
7.2985,2.4991
7.3005,2.4991
7.3025,2.4991
7.3045,2.4991
7.3065,2.4991
7.3085,2.4991
7.3105,2.4991
7.3125,2.4991
7.3145,2.4991
7.3165,2.4991
7.3185,2.4991
7.3205,2.4991
7.3225,2.4991
7.3245,2.4991
7.3265,2.4991
7.3285,2.4991
7.3305,2.4991
7.3325,2.4991
7.3345,2.4991
7.3365,2.4991
7.3385,2.4991
7.3405,2.4991
7.3425,2.4991
7.3445,2.4991
7.3465,2.4991
7.3485,2.4991
7.3505,2.4991
7.3525,2.4991
7.3545,2.4991
7.3565,2.4991
7.3585,2.4991
7.3605,2.4991
7.3625,2.4991
7.3645,2.4991
7.3665,2.4991
7.3685,2.4991
7.3705,2.4991
7.3725,2.4991
7.3745,2.4991
7.3765,2.4991
7.3785,2.4991
7.3805,2.4991
7.3825,2.4991
7.3845,2.4991
7.3865,2.4991
7.3885,2.4991
7.3905,2.4991
7.3925,2.4991
7.3945,2.4991
7.3965,2.4991
7.3985,2.4991
7.4005,2.4991
7.4025,2.4991
7.4045,2.4991
7.4065,2.4991
7.4085,2.4991
7.4105,2.4991
7.4125,2.4991
7.4145,2.4991
7.4165,2.4991
7.4185,2.4991
7.4205,2.4991
7.4225,2.4991
7.4245,2.4991
7.4265,2.4991
7.4285,2.4991
7.4305,2.4991
7.4325,2.4991
7.4345,2.4991
7.4365,2.4991
7.4385,2.4991
7.4405,2.4991
7.4425,2.4991
7.4445,2.4991
7.4465,2.4991
7.4485,2.4991
7.4505,2.4991
7.4525,2.4991
7.4545,2.4991
7.4565,2.4991
7.4585,2.4991
7.4605,2.4991
7.4625,2.4991
7.4645,2.4991
7.4665,2.4991
7.4685,2.4991
7.4705,2.4991
7.4725,2.4991
7.4745,2.4991
7.4765,2.4991
7.4785,2.4991
7.4805,2.4991
7.4825,2.4991
7.4845,2.4991
7.4865,2.4991
7.4885,2.4991
7.4905,2.4991
7.4925,2.4991
7.4945,2.4991
7.4965,2.4991
7.4985,2.4991
7.5005,2.4991
7.5025,2.4991
7.5045,2.4991
7.5065,2.4991
7.5085,2.4991
7.5105,2.4991
7.5125,2.4991
7.5145,2.4991
7.5165,2.4991
7.5185,2.4991
7.5205,2.4991
7.5225,2.4991
7.5245,2.4991
7.5265,2.4991
7.5285,2.4991
7.5305,2.4991
7.5325,2.4991
7.5345,2.4991
7.5365,2.4991
7.5385,2.4991
7.5405,2.4991
7.5425,2.4991
7.5445,2.4991
7.5465,2.4991
7.5485,2.4991
7.5505,2.4991
7.5525,2.4991
7.5545,2.4991
7.5565,2.4991
7.5585,2.4991
7.5605,2.4991
7.5625,2.4991
7.5645,2.4991
7.5665,2.4991
7.5685,2.4991
7.5705,2.4991
7.5725,2.4991
7.5745,2.4991
7.5765,2.4991
7.5785,2.4991
7.5805,2.4991
7.5825,2.4991
7.5845,2.4991
7.5865,2.4991
7.5885,2.4991
7.5905,2.4991
7.5925,2.4991
7.5945,2.4991
7.5965,2.4991
7.5985,2.4991
7.6005,2.4991
7.6025,2.4991
7.6045,2.4991
7.6065,2.4991
7.6085,2.4991
7.6105,2.4991
7.6125,2.4991
7.6145,2.4991
7.6165,2.4991
7.6185,2.4991
7.6205,2.4991
7.6225,2.4991
7.6245,2.4991
7.6265,2.4991
7.6285,2.4991
7.6305,2.4991
7.6325,2.4991
7.6345,2.4991
7.6365,2.4991
7.6385,2.4991
7.6405,2.4991
7.6425,2.4991
7.6445,2.4991
7.6465,2.4991
7.6485,2.4991
7.6505,2.4991
7.6525,2.4991
7.6545,2.4991
7.6565,2.4991
7.6585,2.4991
7.6605,2.4991
7.6625,2.4991
7.6645,2.4991
7.6665,2.4991
7.6685,2.4991
7.6705,2.4991
7.6725,2.4991
7.6745,2.4991
7.6765,2.4991
7.6785,2.4991
7.6805,2.4991
7.6825,2.4991
7.6845,2.4991
7.6865,2.4991
7.6885,2.4991
7.6905,2.4991
7.6925,2.4991
7.6945,2.4991
7.6965,2.4991
7.6985,2.4991
7.7005,2.4991
7.7025,2.4991
7.7045,2.4991
7.7065,2.4991
7.7085,2.4991
7.7105,2.4991
7.7125,2.4991
7.7145,2.4991
7.7165,2.4991
7.7185,2.4991
7.7205,2.4991
7.7225,2.4991
7.7245,2.4991
7.7265,2.4991
7.7285,2.4991
7.7305,2.4991
7.7325,2.4991
7.7345,2.4991
7.7365,2.4991
7.7385,2.4991
7.7405,2.4991
7.7425,2.4991
7.7445,2.4991
7.7465,2.4991
7.7485,2.4991
7.7505,2.4991
7.7525,2.4991
7.7545,2.4991
7.7565,2.4991
7.7585,2.4991
7.7605,2.4991
7.7625,2.4991
7.7645,2.4991
7.7665,2.4991
7.7685,2.4991
7.7705,2.4991
7.7725,2.4991
7.7745,2.4991
7.7765,2.4991
7.7785,2.4991
7.7805,2.4991
7.7825,2.4991
7.7845,2.4991
7.7865,2.4991
7.7885,2.4991
7.7905,2.4991
7.7925,2.4991
7.7945,2.4991
7.7965,2.4991
7.7985,2.4991
7.8005,2.4991
7.8025,2.4991
7.8045,2.4991
7.8065,2.4991
7.8085,2.4991
7.8105,2.4991
7.8125,2.4991
7.8145,2.4991
7.8165,2.4991
7.8185,2.4991
7.8205,2.4991
7.8225,2.4991
7.8245,2.4991
7.8265,2.4991
7.8285,2.4991
7.8305,2.4991
7.8325,2.4991
7.8345,2.4991
7.8365,2.4991
7.8385,2.4991
7.8405,2.4991
7.8425,2.4991
7.8445,2.4991
7.8465,2.4991
7.8485,2.4991
7.8505,2.4991
7.8525,2.4991
7.8545,2.4991
7.8565,2.4991
7.8585,2.4991
7.8605,2.4991
7.8625,2.4991
7.8645,2.4991
7.8665,2.4991
7.8685,2.4991
7.8705,2.4991
7.8725,2.4991
7.8745,2.4991
7.8765,2.4991
7.8785,2.4991
7.8805,2.4991
7.8825,2.4991
7.8845,2.4991
7.8865,2.4991
7.8885,2.4991
7.8905,2.4991
7.8925,2.4991
7.8945,2.4991
7.8965,2.4991
7.8985,2.4991
7.9005,2.4991
7.9025,2.4991
7.9045,2.4991
7.9065,2.4991
7.9085,2.4991
7.9105,2.4991
7.9125,2.4991
7.9145,2.4991
7.9165,2.4991
7.9185,2.4991
7.9205,2.4991
7.9225,2.4991
7.9245,2.4991
7.9265,2.4991
7.9285,2.4991
7.9305,2.4991
7.9325,2.4991
7.9345,2.4991
7.9365,2.4991
7.9385,2.4991
7.9405,2.4991
7.9425,2.4991
7.9445,2.4991
7.9465,2.4991
7.9485,2.4991
7.9505,2.4991
7.9525,2.4991
7.9545,2.4991
7.9565,2.4991
7.9585,2.4991
7.9605,2.4991
7.9625,2.4991
7.9645,2.4991
7.9665,2.4991
7.9685,2.4991
7.9705,2.4991
7.9725,2.4991
7.9745,2.4991
7.9765,2.4991
7.9785,2.4991
7.9805,2.4991
7.9825,2.4991
7.9845,2.4991
7.9865,2.4991
7.9885,2.4991
7.9905,2.4991
7.9925,2.4991
7.9945,2.4991
7.9965,2.4991
7.9985,2.4991
8.0005,2.4991
8.0025,2.4991
8.0045,2.4991
8.0065,2.4991
8.0085,2.4991
8.0105,2.4991
8.0125,2.4991
8.0145,2.4991
8.0165,2.4991
8.0185,2.4991
8.0205,2.4991
8.0225,2.4991
8.0245,2.4991
8.0265,2.4991
8.0285,2.4991
8.0305,2.4991
8.0325,2.4991
8.0345,2.4991
8.0365,2.4991
8.0385,2.4991
8.0405,2.4991
8.0425,2.4991
8.0445,2.4991
8.0465,2.4991
8.0485,2.4991
8.0505,2.4991
8.0525,2.4991
8.0545,2.4991
8.0565,2.4991
8.0585,2.4991
8.0605,2.4991
8.0625,2.4991
8.0645,2.4991
8.0665,2.4991
8.0685,2.4991
8.0705,2.4991
8.0725,2.4991
8.0745,2.4991
8.0765,2.4991
8.0785,2.4991
8.0805,2.4991
8.0825,2.4991
8.0845,2.4991
8.0865,2.4991
8.0885,2.4991
8.0905,2.4991
8.0925,2.4991
8.0945,2.4991
8.0965,2.4991
8.0985,2.4991
8.1005,2.4991
8.1025,2.4991
8.1045,2.4991
8.1065,2.4991
8.1085,2.4991
8.1105,2.4991
8.1125,2.4991
8.1145,2.4991
8.1165,2.4991
8.1185,2.4991
8.1205,2.4991
8.1225,2.4991
8.1245,2.4991
8.1265,2.4991
8.1285,2.4991
8.1305,2.4991
8.1325,2.4991
8.1345,2.4991
8.1365,2.4991
8.1385,2.4991
8.1405,2.4991
8.1425,2.4991
8.1445,2.4991
8.1465,2.4991
8.1485,2.4991
8.1505,2.4991
8.1525,2.4991
8.1545,2.4991
8.1565,2.4991
8.1585,2.4991
8.1605,2.4991
8.1625,2.4991
8.1645,2.4991
8.1665,2.4991
8.1685,2.4991
8.1705,2.4991
8.1725,2.4991
8.1745,2.4991
8.1765,2.4991
8.1785,2.4991
8.1805,2.4991
8.1825,2.4991
8.1845,2.4991
8.1865,2.4991
8.1885,2.4991
8.1905,2.4991
8.1925,2.4991
8.1945,2.4991
8.1965,2.4991
8.1985,2.4991
8.2005,2.4991
8.2025,2.4991
8.2045,2.4991
8.2065,2.4991
8.2085,2.4991
8.2105,2.4991
8.2125,2.4991
8.2145,2.4991
8.2165,2.4991
8.2185,2.4991
8.2205,2.4991
8.2225,2.4991
8.2245,2.4991
8.2265,2.4991
8.2285,2.4991
8.2305,2.4991
8.2325,2.4991
8.2345,2.4991
8.2365,2.4991
8.2385,2.4991
8.2405,2.4991
8.2425,2.4991
8.2445,2.4991
8.2465,2.4991
8.2485,2.4991
8.2505,2.4991
8.2525,2.4991
8.2545,2.4991
8.2565,2.4991
8.2585,2.4991
8.2605,2.4991
8.2625,2.4991
8.2645,2.4991
8.2665,2.4991
8.2685,2.4991
8.2705,2.4991
8.2725,2.4991
8.2745,2.4991
8.2765,2.4991
8.2785,2.4991
8.2805,2.4991
8.2825,2.4991
8.2845,2.4991
8.2865,2.4991
8.2885,2.4991
8.2905,2.4991
8.2925,2.4991
8.2945,2.4991
8.2965,2.4991
8.2985,2.4991
8.3005,2.4991
8.3025,2.4991
8.3045,2.4991
8.3065,2.4991
8.3085,2.4991
8.3105,2.4991
8.3125,2.4991
8.3145,2.4991
8.3165,2.4991
8.3185,2.4991
8.3205,2.4991
8.3225,2.4991
8.3245,2.4991
8.3265,2.4991
8.3285,2.4991
8.3305,2.4991
8.3325,2.4991
8.3345,2.4991
8.3365,2.4991
8.3385,2.4991
8.3405,2.4991
8.3425,2.4991
8.3445,2.4991
8.3465,2.4991
8.3485,2.4991
8.3505,2.4991
8.3525,2.4991
8.3545,2.4991
8.3565,2.4991
8.3585,2.4991
8.3605,2.4991
8.3625,2.4991
8.3645,2.4991
8.3665,2.4991
8.3685,2.4991
8.3705,2.4991
8.3725,2.4991
8.3745,2.4991
8.3765,2.4991
8.3785,2.4991
8.3805,2.4991
8.3825,2.4991
8.3845,2.4991
8.3865,2.4991
8.3885,2.4991
8.3905,2.4991
8.3925,2.4991
8.3945,2.4991
8.3965,2.4991
8.3985,2.4991
8.4005,2.4991
8.4025,2.4991
8.4045,2.4991
8.4065,2.4991
8.4085,2.4991
8.4105,2.4991
8.4125,2.4991
8.4145,2.4991
8.4165,2.4991
8.4185,2.4991
8.4205,2.4991
8.4225,2.4991
8.4245,2.4991
8.4265,2.4991
8.4285,2.4991
8.4305,2.4991
8.4325,2.4991
8.4345,2.4991
8.4365,2.4991
8.4385,2.4991
8.4405,2.4991
8.4425,2.4991
8.4445,2.4991
8.4465,2.4991
8.4485,2.4991
8.4505,2.4991
8.4525,2.4991
8.4545,2.4991
8.4565,2.4991
8.4585,2.4991
8.4605,2.4991
8.4625,2.4991
8.4645,2.4991
8.4665,2.4991
8.4685,2.4991
8.4705,2.4991
8.4725,2.4991
8.4745,2.4991
8.4765,2.4991
8.4785,2.4991
8.4805,2.4991
8.4825,2.4991
8.4845,2.4991
8.4865,2.4991
8.4885,2.4991
8.4905,2.4991
8.4925,2.4991
8.4945,2.4991
8.4965,2.4991
8.4985,2.4991
8.5005,2.4991
8.5025,2.4991
8.5045,2.4991
8.5065,2.4991
8.5085,2.4991
8.5105,2.4991
8.5125,2.4991
8.5145,2.4991
8.5165,2.4991
8.5185,2.4991
8.5205,2.4991
8.5225,2.4991
8.5245,2.4991
8.5265,2.4991
8.5285,2.4991
8.5305,2.4991
8.5325,2.4991
8.5345,2.4991
8.5365,2.4991
8.5385,2.4991
8.5405,2.4991
8.5425,2.4991
8.5445,2.4991
8.5465,2.4991
8.5485,2.4991
8.5505,2.4991
8.5525,2.4991
8.5545,2.4991
8.5565,2.4991
8.5585,2.4991
8.5605,2.4991
8.5625,2.4991
8.5645,2.4991
8.5665,2.4991
8.5685,2.4991
8.5705,2.4991
8.5725,2.4991
8.5745,2.4991
8.5765,2.4991
8.5785,2.4991
8.5805,2.4991
8.5825,2.4991
8.5845,2.4991
8.5865,2.4991
8.5885,2.4991
8.5905,2.4991
8.5925,2.4991
8.5945,2.4991
8.5965,2.4991
8.5985,2.4991
8.6005,2.4991
8.6025,2.4991
8.6045,2.4991
8.6065,2.4991
8.6085,2.4991
8.6105,2.4991
8.6125,2.4991
8.6145,2.4991
8.6165,2.4991
8.6185,2.4991
8.6205,2.4991
8.6225,2.4991
8.6245,2.4991
8.6265,2.4991
8.6285,2.4991
8.6305,2.4991
8.6325,2.4991
8.6345,2.4991
8.6365,2.4991
8.6385,2.4991
8.6405,2.4991
8.6425,2.4991
8.6445,2.4991
8.6465,2.4991
8.6485,2.4991
8.6505,2.4991
8.6525,2.4991
8.6545,2.4991
8.6565,2.4991
8.6585,2.4991
8.6605,2.4991
8.6625,2.4991
8.6645,2.4991
8.6665,2.4991
8.6685,2.4991
8.6705,2.4991
8.6725,2.4991
8.6745,2.4991
8.6765,2.4991
8.6785,2.4991
8.6805,2.4991
8.6825,2.4991
8.6845,2.4991
8.6865,2.4991
8.6885,2.4991
8.6905,2.4991
8.6925,2.4991
8.6945,2.4991
8.6965,2.4991
8.6985,2.4991
8.7005,2.4991
8.7025,2.4991
8.7045,2.4991
8.7065,2.4991
8.7085,2.4991
8.7105,2.4991
8.7125,2.4991
8.7145,2.4991
8.7165,2.4991
8.7185,2.4991
8.7205,2.4991
8.7225,2.4991
8.7245,2.4991
8.7265,2.4991
8.7285,2.4991
8.7305,2.4991
8.7325,2.4991
8.7345,2.4991
8.7365,2.4991
8.7385,2.4991
8.7405,2.4991
8.7425,2.4991
8.7445,2.4991
8.7465,2.4991
8.7485,2.4991
8.7505,2.4991
8.7525,2.4991
8.7545,2.4991
8.7565,2.4991
8.7585,2.4991
8.7605,2.4991
8.7625,2.4991
8.7645,2.4991
8.7665,2.4991
8.7685,2.4991
8.7705,2.4991
8.7725,2.4991
8.7745,2.4991
8.7765,2.4991
8.7785,2.4991
8.7805,2.4991
8.7825,2.4991
8.7845,2.4991
8.7865,2.4991
8.7885,2.4991
8.7905,2.4991
8.7925,2.4991
8.7945,2.4991
8.7965,2.4991
8.7985,2.4991
8.8005,2.4991
8.8025,2.4991
8.8045,2.4991
8.8065,2.4991
8.8085,2.4991
8.8105,2.4991
8.8125,2.4991
8.8145,2.4991
8.8165,2.4991
8.8185,2.4991
8.8205,2.4991
8.8225,2.4991
8.8245,2.4991
8.8265,2.4991
8.8285,2.4991
8.8305,2.4991
8.8325,2.4991
8.8345,2.4991
8.8365,2.4991
8.8385,2.4991
8.8405,2.4991
8.8425,2.4991
8.8445,2.4991
8.8465,2.4991
8.8485,2.4991
8.8505,2.4991
8.8525,2.4991
8.8545,2.4991
8.8565,2.4991
8.8585,2.4991
8.8605,2.4991
8.8625,2.4991
8.8645,2.4991
8.8665,2.4991
8.8685,2.4991
8.8705,2.4991
8.8725,2.4991
8.8745,2.4991
8.8765,2.4991
8.8785,2.4991
8.8805,2.4991
8.8825,2.4991
8.8845,2.4991
8.8865,2.4991
8.8885,2.4991
8.8905,2.4991
8.8925,2.4991
8.8945,2.4991
8.8965,2.4991
8.8985,2.4991
8.9005,2.4991
8.9025,2.4991
8.9045,2.4991
8.9065,2.4991
8.9085,2.4991
8.9105,2.4991
8.9125,2.4991
8.9145,2.4991
8.9165,2.4991
8.9185,2.4991
8.9205,2.4991
8.9225,2.4991
8.9245,2.4991
8.9265,2.4991
8.9285,2.4991
8.9305,2.4991
8.9325,2.4991
8.9345,2.4991
8.9365,2.4991
8.9385,2.4991
8.9405,2.4991
8.9425,2.4991
8.9445,2.4991
8.9465,2.4991
8.9485,2.4991
8.9505,2.4991
8.9525,2.4991
8.9545,2.4991
8.9565,2.4991
8.9585,2.4991
8.9605,2.4991
8.9625,2.4991
8.9645,2.4991
8.9665,2.4991
8.9685,2.4991
8.9705,2.4991
8.9725,2.4991
8.9745,2.4991
8.9765,2.4991
8.9785,2.4991
8.9805,2.4991
8.9825,2.4991
8.9845,2.4991
8.9865,2.4991
8.9885,2.4991
8.9905,2.4991
8.9925,2.4991
8.9945,2.4991
8.9965,2.4991
8.9985,2.4991
9.0005,2.4991
9.0025,2.4991
9.0045,2.4991
9.0065,2.4991
9.0085,2.4991
9.0105,2.4991
9.0125,2.4991
9.0145,2.4991
9.0165,2.4991
9.0185,2.4991
9.0205,2.4991
9.0225,2.4991
9.0245,2.4991
9.0265,2.4991
9.0285,2.4991
9.0305,2.4991
9.0325,2.4991
9.0345,2.4991
9.0365,2.4991
9.0385,2.4991
9.0405,2.4991
9.0425,2.4991
9.0445,2.4991
9.0465,2.4991
9.0485,2.4991
9.0505,2.4991
9.0525,2.4991
9.0545,2.4991
9.0565,2.4991
9.0585,2.4991
9.0605,2.4991
9.0625,2.4991
9.0645,2.4991
9.0665,2.4991
9.0685,2.4991
9.0705,2.4991
9.0725,2.4991
9.0745,2.4991
9.0765,2.4991
9.0785,2.4991
9.0805,2.4991
9.0825,2.4991
9.0845,2.4991
9.0865,2.4991
9.0885,2.4991
9.0905,2.4991
9.0925,2.4991
9.0945,2.4991
9.0965,2.4991
9.0985,2.4991
9.1005,2.4991
9.1025,2.4991
9.1045,2.4991
9.1065,2.4991
9.1085,2.4991
9.1105,2.4991
9.1125,2.4991
9.1145,2.4991
9.1165,2.4991
9.1185,2.4991
9.1205,2.4991
9.1225,2.4991
9.1245,2.4991
9.1265,2.4991
9.1285,2.4991
9.1305,2.4991
9.1325,2.4991
9.1345,2.4991
9.1365,2.4991
9.1385,2.4991
9.1405,2.4991
9.1425,2.4991
9.1445,2.4991
9.1465,2.4991
9.1485,2.4991
9.1505,2.4991
9.1525,2.4991
9.1545,2.4991
9.1565,2.4991
9.1585,2.4991
9.1605,2.4991
9.1625,2.4991
9.1645,2.4991
9.1665,2.4991
9.1685,2.4991
9.1705,2.4991
9.1725,2.4991
9.1745,2.4991
9.1765,2.4991
9.1785,2.4991
9.1805,2.4991
9.1825,2.4991
9.1845,2.4991
9.1865,2.4991
9.1885,2.4991
9.1905,2.4991
9.1925,2.4991
9.1945,2.4991
9.1965,2.4991
9.1985,2.4991
9.2005,2.4991
9.2025,2.4991
9.2045,2.4991
9.2065,2.4991
9.2085,2.4991
9.2105,2.4991
9.2125,2.4991
9.2145,2.4991
9.2165,2.4991
9.2185,2.4991
9.2205,2.4991
9.2225,2.4991
9.2245,2.4991
9.2265,2.4991
9.2285,2.4991
9.2305,2.4991
9.2325,2.4991
9.2345,2.4991
9.2365,2.4991
9.2385,2.4991
9.2405,2.4991
9.2425,2.4991
9.2445,2.4991
9.2465,2.4991
9.2485,2.4991
9.2505,2.4991
9.2525,2.4991
9.2545,2.4991
9.2565,2.4991
9.2585,2.4991
9.2605,2.4991
9.2625,2.4991
9.2645,2.4991
9.2665,2.4991
9.2685,2.4991
9.2705,2.4991
9.2725,2.4991
9.2745,2.4991
9.2765,2.4991
9.2785,2.4991
9.2805,2.4991
9.2825,2.4991
9.2845,2.4991
9.2865,2.4991
9.2885,2.4991
9.2905,2.4991
9.2925,2.4991
9.2945,2.4991
9.2965,2.4991
9.2985,2.4991
9.3005,2.4991
9.3025,2.4991
9.3045,2.4991
9.3065,2.4991
9.3085,2.4991
9.3105,2.4991
9.3125,2.4991
9.3145,2.4991
9.3165,2.4991
9.3185,2.4991
9.3205,2.4991
9.3225,2.4991
9.3245,2.4991
9.3265,2.4991
9.3285,2.4991
9.3305,2.4991
9.3325,2.4991
9.3345,2.4991
9.3365,2.4991
9.3385,2.4991
9.3405,2.4991
9.3425,2.4991
9.3445,2.4991
9.3465,2.4991
9.3485,2.4991
9.3505,2.4991
9.3525,2.4991
9.3545,2.4991
9.3565,2.4991
9.3585,2.4991
9.3605,2.4991
9.3625,2.4991
9.3645,2.4991
9.3665,2.4991
9.3685,2.4991
9.3705,2.4991
9.3725,2.4991
9.3745,2.4991
9.3765,2.4991
9.3785,2.4991
9.3805,2.4991
9.3825,2.4991
9.3845,2.4991
9.3865,2.4991
9.3885,2.4991
9.3905,2.4991
9.3925,2.4991
9.3945,2.4991
9.3965,2.4991
9.3985,2.4991
9.4005,2.4991
9.4025,2.4991
9.4045,2.4991
9.4065,2.4991
9.4085,2.4991
9.4105,2.4991
9.4125,2.4991
9.4145,2.4991
9.4165,2.4991
9.4185,2.4991
9.4205,2.4991
9.4225,2.4991
9.4245,2.4991
9.4265,2.4991
9.4285,2.4991
9.4305,2.4991
9.4325,2.4991
9.4345,2.4991
9.4365,2.4991
9.4385,2.4991
9.4405,2.4991
9.4425,2.4991
9.4445,2.4991
9.4465,2.4991
9.4485,2.4991
9.4505,2.4991
9.4525,2.4991
9.4545,2.4991
9.4565,2.4991
9.4585,2.4991
9.4605,2.4991
9.4625,2.4991
9.4645,2.4991
9.4665,2.4991
9.4685,2.4991
9.4705,2.4991
9.4725,2.4991
9.4745,2.4991
9.4765,2.4991
9.4785,2.4991
9.4805,2.4991
9.4825,2.4991
9.4845,2.4991
9.4865,2.4991
9.4885,2.4991
9.4905,2.4991
9.4925,2.4991
9.4945,2.4991
9.4965,2.4991
9.4985,2.4991
9.5005,2.4991
9.5025,2.4991
9.5045,2.4991
9.5065,2.4991
9.5085,2.4991
9.5105,2.4991
9.5125,2.4991
9.5145,2.4991
9.5165,2.4991
9.5185,2.4991
9.5205,2.4991
9.5225,2.4991
9.5245,2.4991
9.5265,2.4991
9.5285,2.4991
9.5305,2.4991
9.5325,2.4991
9.5345,2.4991
9.5365,2.4991
9.5385,2.4991
9.5405,2.4991
9.5425,2.4991
9.5445,2.4991
9.5465,2.4991
9.5485,2.4991
9.5505,2.4991
9.5525,2.4991
9.5545,2.4991
9.5565,2.4991
9.5585,2.4991
9.5605,2.4991
9.5625,2.4991
9.5645,2.4991
9.5665,2.4991
9.5685,2.4991
9.5705,2.4991
9.5725,2.4991
9.5745,2.4991
9.5765,2.4991
9.5785,2.4991
9.5805,2.4991
9.5825,2.4991
9.5845,2.4991
9.5865,2.4991
9.5885,2.4991
9.5905,2.4991
9.5925,2.4991
9.5945,2.4991
9.5965,2.4991
9.5985,2.4991
9.6005,2.4991
9.6025,2.4991
9.6045,2.4991
9.6065,2.4991
9.6085,2.4991
9.6105,2.4991
9.6125,2.4991
9.6145,2.4991
9.6165,2.4991
9.6185,2.4991
9.6205,2.4991
9.6225,2.4991
9.6245,2.4991
9.6265,2.4991
9.6285,2.4991
9.6305,2.4991
9.6325,2.4991
9.6345,2.4991
9.6365,2.4991
9.6385,2.4991
9.6405,2.4991
9.6425,2.4991
9.6445,2.4991
9.6465,2.4991
9.6485,2.4991
9.6505,2.4991
9.6525,2.4991
9.6545,2.4991
9.6565,2.4991
9.6585,2.4991
9.6605,2.4991
9.6625,2.4991
9.6645,2.4991
9.6665,2.4991
9.6685,2.4991
9.6705,2.4991
9.6725,2.4991
9.6745,2.4991
9.6765,2.4991
9.6785,2.4991
9.6805,2.4991
9.6825,2.4991
9.6845,2.4991
9.6865,2.4991
9.6885,2.4991
9.6905,2.4991
9.6925,2.4991
9.6945,2.4991
9.6965,2.4991
9.6985,2.4991
9.7005,2.4991
9.7025,2.4991
9.7045,2.4991
9.7065,2.4991
9.7085,2.4991
9.7105,2.4991
9.7125,2.4991
9.7145,2.4991
9.7165,2.4991
9.7185,2.4991
9.7205,2.4991
9.7225,2.4991
9.7245,2.4991
9.7265,2.4991
9.7285,2.4991
9.7305,2.4991
9.7325,2.4991
9.7345,2.4991
9.7365,2.4991
9.7385,2.4991
9.7405,2.4991
9.7425,2.4991
9.7445,2.4991
9.7465,2.4991
9.7485,2.4991
9.7505,2.4991
9.7525,2.4991
9.7545,2.4991
9.7565,2.4991
9.7585,2.4991
9.7605,2.4991
9.7625,2.4991
9.7645,2.4991
9.7665,2.4991
9.7685,2.4991
9.7705,2.4991
9.7725,2.4991
9.7745,2.4991
9.7765,2.4991
9.7785,2.4991
9.7805,2.4991
9.7825,2.4991
9.7845,2.4991
9.7865,2.4991
9.7885,2.4991
9.7905,2.4991
9.7925,2.4991
9.7945,2.4991
9.7965,2.4991
9.7985,2.4991
9.8005,2.4991
9.8025,2.4991
9.8045,2.4991
9.8065,2.4991
9.8085,2.4991
9.8105,2.4991
9.8125,2.4991
9.8145,2.4991
9.8165,2.4991
9.8185,2.4991
9.8205,2.4991
9.8225,2.4991
9.8245,2.4991
9.8265,2.4991
9.8285,2.4991
9.8305,2.4991
9.8325,2.4991
9.8345,2.4991
9.8365,2.4991
9.8385,2.4991
9.8405,2.4991
9.8425,2.4991
9.8445,2.4991
9.8465,2.4991
9.8485,2.4991
9.8505,2.4991
9.8525,2.4991
9.8545,2.4991
9.8565,2.4991
9.8585,2.4991
9.8605,2.4991
9.8625,2.4991
9.8645,2.4991
9.8665,2.4991
9.8685,2.4991
9.8705,2.4991
9.8725,2.4991
9.8745,2.4991
9.8765,2.4991
9.8785,2.4991
9.8805,2.4991
9.8825,2.4991
9.8845,2.4991
9.8865,2.4991
9.8885,2.4991
9.8905,2.4991
9.8925,2.4991
9.8945,2.4991
9.8965,2.4991
9.8985,2.4991
9.9005,2.4991
9.9025,2.4991
9.9045,2.4991
9.9065,2.4991
9.9085,2.4991
9.9105,2.4991
9.9125,2.4991
9.9145,2.4991
9.9165,2.4991
9.9173,2.4991
9.9182,2.4991
9.919,2.4991
9.9198,2.4991
9.9207,2.4991
9.9215,2.4991
9.9223,2.4991
9.9232,2.4991
9.924,2.4991
9.9248,2.4991
9.9257,2.4991
9.9265,2.4991
9.9273,2.4991
9.9282,2.4991
9.929,2.4991
9.9298,2.4991
9.9307,2.4991
9.9315,2.4991
9.9324,2.4991
9.9332,2.4991
9.934,2.4991
9.9349,2.4991
9.9357,2.4991
9.9365,2.4991
9.9374,2.4991
9.9382,2.4991
9.939,2.4991
9.9399,2.4991
9.9407,2.4991
9.9415,2.4991
9.9424,2.4991
9.9432,2.4991
9.944,2.4991
9.9449,2.4991
9.9457,2.4991
9.9465,2.4991
9.9474,2.4991
9.9482,2.4991
9.9491,2.4991
9.9499,2.4991
9.9507,2.4991
9.9516,2.4991
9.9524,2.4991
9.9532,2.4991
9.9541,2.4991
9.9549,2.4991
9.9557,2.4991
9.9566,2.4991
9.9574,2.4991
9.9582,2.4991
9.9591,2.4991
9.9599,2.4991
9.9607,2.4991
9.9616,2.4991
9.9624,2.4991
9.9633,2.4991
9.9641,2.4991
9.9649,2.4991
9.9658,2.4991
9.9666,2.4991
9.9674,2.4991
9.9683,2.4991
9.9691,2.4991
9.9699,2.4991
9.9708,2.4991
9.9716,2.4991
9.9724,2.4991
9.9733,2.4991
9.9741,2.4991
9.9749,2.4991
9.9758,2.4991
9.9766,2.4991
9.9775,2.4991
9.9783,2.4991
9.9791,2.4991
9.98,2.4991
9.9808,2.4991
9.9816,2.4991
9.9825,2.4991
9.9833,2.4991
9.9841,2.4991
9.985,2.4991
9.9858,2.4991
9.9866,2.4991
9.9875,2.4991
9.9883,2.4991
9.9891,2.4991
9.99,2.4991
9.9908,2.4991
9.9916,2.4991
9.9925,2.4991
9.9933,2.4991
9.9942,2.4991
9.995,2.4991
9.9958,2.4991
9.9967,2.4991
9.9975,2.4991
9.9983,2.4991
9.9992,2.4991
10,2.4991
