0,-0.38
3.0304e-07,-0.38
6.0608e-07,-0.38
9.0912e-07,-0.38
1.2122e-06,-0.38
1.5152e-06,-0.38
1.8182e-06,-0.37999
2.1213e-06,-0.37999
2.4243e-06,-0.37999
2.7274e-06,-0.37999
3.0304e-06,-0.37999
3.3334e-06,-0.37999
3.6365e-06,-0.37999
3.9395e-06,-0.37999
4.2426e-06,-0.37999
4.5456e-06,-0.37999
4.8486e-06,-0.37998
5.1517e-06,-0.37998
5.4547e-06,-0.37998
5.7578e-06,-0.37998
6.0608e-06,-0.37998
6.3639e-06,-0.37998
6.6669e-06,-0.37998
6.9699e-06,-0.37998
7.273e-06,-0.37998
7.576e-06,-0.37998
7.8791e-06,-0.37997
8.1821e-06,-0.37997
8.4851e-06,-0.37997
8.7882e-06,-0.37997
9.0912e-06,-0.37997
9.3943e-06,-0.37997
9.6973e-06,-0.37997
1e-05,-0.37997
1.0303e-05,-0.37997
1.0606e-05,-0.37997
1.0909e-05,-0.37996
1.1213e-05,-0.37996
1.1516e-05,-0.37996
1.1819e-05,-0.37996
1.2122e-05,-0.37996
1.2425e-05,-0.37996
1.2728e-05,-0.37996
1.3031e-05,-0.37996
1.3334e-05,-0.37996
1.3637e-05,-0.37996
1.394e-05,-0.37996
1.4243e-05,-0.37995
1.4546e-05,-0.37995
1.4849e-05,-0.37995
1.5152e-05,-0.37995
1.5455e-05,-0.37995
1.5758e-05,-0.37995
1.6061e-05,-0.37995
1.6364e-05,-0.37995
1.6667e-05,-0.37995
1.697e-05,-0.37995
1.7273e-05,-0.37994
1.7576e-05,-0.37994
1.7879e-05,-0.37994
1.8182e-05,-0.37994
1.8485e-05,-0.37994
1.8789e-05,-0.37994
1.9092e-05,-0.37994
1.9395e-05,-0.37994
1.9698e-05,-0.37994
2.0001e-05,-0.37994
2.0304e-05,-0.37993
2.0607e-05,-0.37993
2.091e-05,-0.37993
2.1213e-05,-0.37993
2.1516e-05,-0.37993
2.1819e-05,-0.37993
2.2122e-05,-0.37993
2.2425e-05,-0.37993
2.2728e-05,-0.37993
2.3031e-05,-0.37993
2.3334e-05,-0.37992
2.3637e-05,-0.37992
2.394e-05,-0.37992
2.4243e-05,-0.37992
2.4546e-05,-0.37992
2.4849e-05,-0.37992
2.5152e-05,-0.37992
2.5455e-05,-0.37992
2.5758e-05,-0.37992
2.6061e-05,-0.37992
2.6365e-05,-0.37992
2.6668e-05,-0.37991
2.6971e-05,-0.37991
2.7274e-05,-0.37991
2.7577e-05,-0.37991
2.788e-05,-0.37991
2.8183e-05,-0.37991
2.8486e-05,-0.37991
2.8789e-05,-0.37991
2.9092e-05,-0.37991
2.9395e-05,-0.37991
2.9698e-05,-0.3799
3.0001e-05,-0.3799
3.0304e-05,-0.3799
3.1819e-05,-0.3799
3.3334e-05,-0.37989
3.485e-05,-0.37989
3.6365e-05,-0.37988
3.788e-05,-0.37988
3.9395e-05,-0.37987
4.091e-05,-0.37987
4.2426e-05,-0.37986
4.3941e-05,-0.37986
4.5456e-05,-0.37985
4.6971e-05,-0.37985
4.8486e-05,-0.37984
5.0002e-05,-0.37984
5.1517e-05,-0.37983
5.3032e-05,-0.37983
5.4547e-05,-0.37982
5.6063e-05,-0.37982
5.7578e-05,-0.37981
5.9093e-05,-0.37981
6.0608e-05,-0.3798
6.2123e-05,-0.3798
6.3639e-05,-0.37979
6.5154e-05,-0.37979
6.6669e-05,-0.37979
6.8184e-05,-0.37978
6.9699e-05,-0.37978
7.1215e-05,-0.37977
7.273e-05,-0.37977
7.4245e-05,-0.37976
7.576e-05,-0.37976
7.7275e-05,-0.37975
7.8791e-05,-0.37975
8.0306e-05,-0.37974
8.1821e-05,-0.37974
8.3336e-05,-0.37973
8.4851e-05,-0.37973
8.6367e-05,-0.37972
8.7882e-05,-0.37972
8.9397e-05,-0.37971
9.0912e-05,-0.37971
9.2427e-05,-0.3797
9.3943e-05,-0.3797
9.5458e-05,-0.37969
9.6973e-05,-0.37969
9.8488e-05,-0.37968
0.0001,-0.37968
0.00010152,-0.37967
0.00010303,-0.37967
0.00010455,-0.37966
0.00010606,-0.37966
0.00010758,-0.37965
0.00010909,-0.37965
0.00011061,-0.37964
0.00011213,-0.37964
0.00011364,-0.37963
0.00011516,-0.37963
0.00011667,-0.37962
0.00011819,-0.37962
0.0001197,-0.37961
0.00012122,-0.37961
0.00012273,-0.3796
0.00012425,-0.3796
0.00012576,-0.37959
0.00012728,-0.37959
0.00012879,-0.37959
0.00013031,-0.37958
0.00013182,-0.37958
0.00013334,-0.37957
0.00013485,-0.37957
0.00013637,-0.37956
0.00013788,-0.37956
0.0001394,-0.37955
0.00014091,-0.37955
0.00014243,-0.37954
0.00014394,-0.37954
0.00014546,-0.37953
0.00014697,-0.37953
0.00014849,-0.37952
0.00015001,-0.37952
0.00015152,-0.37951
0.00015304,-0.37951
0.00015455,-0.3795
0.00015607,-0.3795
0.00015758,-0.37949
0.0001591,-0.37949
0.00016061,-0.37948
0.00016213,-0.37948
0.00016364,-0.37947
0.00016516,-0.37947
0.00016667,-0.37946
0.00016819,-0.37946
0.0001697,-0.37945
0.00017122,-0.37945
0.00017273,-0.37944
0.00017425,-0.37944
0.00017576,-0.37943
0.00017728,-0.37943
0.00017879,-0.37942
0.00018031,-0.37942
0.00018182,-0.37941
0.0001894,-0.37939
0.00019698,-0.37937
0.00020455,-0.37934
0.00021213,-0.37932
0.0002197,-0.37929
0.00022728,-0.37927
0.00023486,-0.37924
0.00024243,-0.37922
0.00025001,-0.37919
0.00025758,-0.37917
0.00026516,-0.37915
0.00027274,-0.37912
0.00028031,-0.3791
0.00028789,-0.37907
0.00029546,-0.37905
0.00030304,-0.37902
0.00031062,-0.379
0.00031819,-0.37898
0.00032577,-0.37895
0.00033334,-0.37893
0.00034092,-0.3789
0.0003485,-0.37888
0.00035607,-0.37885
0.00036365,-0.37883
0.00037122,-0.3788
0.0003788,-0.37878
0.00038638,-0.37876
0.00039395,-0.37873
0.00040153,-0.37871
0.0004091,-0.37868
0.00041668,-0.37866
0.00042426,-0.37863
0.00043183,-0.37861
0.00043941,-0.37859
0.00044698,-0.37856
0.00045456,-0.37854
0.00046214,-0.37851
0.00046971,-0.37849
0.00047729,-0.37846
0.00048486,-0.37844
0.00049244,-0.37841
0.00050002,-0.37839
0.00050759,-0.37837
0.00051517,-0.37834
0.00052274,-0.37832
0.00053032,-0.37829
0.0005379,-0.37827
0.00054547,-0.37824
0.00055305,-0.37822
0.00056063,-0.3782
0.0005682,-0.37817
0.00057578,-0.37815
0.00058335,-0.37812
0.00059093,-0.3781
0.00059851,-0.37807
0.00060608,-0.37805
0.00061366,-0.37803
0.00062123,-0.378
0.00062881,-0.37798
0.00063639,-0.37795
0.00064396,-0.37793
0.00065154,-0.3779
0.00065911,-0.37788
0.00066669,-0.37785
0.00067427,-0.37783
0.00068184,-0.37781
0.00068942,-0.37778
0.00069699,-0.37776
0.00070457,-0.37773
0.00071215,-0.37771
0.00071972,-0.37768
0.0007273,-0.37766
0.00073487,-0.37764
0.00074245,-0.37761
0.00075003,-0.37759
0.0007576,-0.37756
0.00076518,-0.37754
0.00077275,-0.37751
0.00078033,-0.37749
0.00078791,-0.37747
0.00079548,-0.37744
0.00080306,-0.37742
0.00081063,-0.37739
0.00081821,-0.37737
0.00082579,-0.37734
0.00083336,-0.37732
0.00084094,-0.3773
0.00084851,-0.37727
0.00085609,-0.37725
0.00086367,-0.37722
0.00087124,-0.3772
0.00087882,-0.37717
0.00088639,-0.37715
0.00089397,-0.37713
0.00090155,-0.3771
0.00090912,-0.37708
0.0009167,-0.37705
0.00092427,-0.37703
0.00093185,-0.377
0.00093943,-0.37698
0.00097731,-0.37686
0.0010152,-0.37674
0.0010531,-0.37661
0.0010909,-0.37649
0.0011288,-0.37637
0.0011667,-0.37625
0.0012046,-0.37613
0.0012425,-0.37601
0.0012803,-0.37589
0.0013182,-0.37576
0.0013561,-0.37564
0.001394,-0.37552
0.0014319,-0.3754
0.0014697,-0.37528
0.0015076,-0.37516
0.0015455,-0.37504
0.0015834,-0.37492
0.0016213,-0.3748
0.0016591,-0.37467
0.001697,-0.37455
0.0017349,-0.37443
0.0017728,-0.37431
0.0018107,-0.37419
0.0018485,-0.37407
0.0018864,-0.37395
0.0019243,-0.37383
0.0019622,-0.37371
0.0020001,-0.37358
0.0020379,-0.37346
0.0020758,-0.37334
0.0021137,-0.37322
0.0021516,-0.3731
0.0021895,-0.37298
0.0022273,-0.37286
0.0022652,-0.37274
0.0023031,-0.37262
0.002341,-0.3725
0.0023789,-0.37238
0.0024167,-0.37226
0.0024546,-0.37214
0.0024925,-0.37201
0.0025304,-0.37189
0.0025683,-0.37177
0.0026061,-0.37165
0.002644,-0.37153
0.0026819,-0.37141
0.0027198,-0.37129
0.0027577,-0.37117
0.0027955,-0.37105
0.0028334,-0.37093
0.0028713,-0.37081
0.0029092,-0.37069
0.0029471,-0.37057
0.0029849,-0.37045
0.0030228,-0.37033
0.0030607,-0.37021
0.0030986,-0.37009
0.0031365,-0.36997
0.0031743,-0.36985
0.0032122,-0.36973
0.0032501,-0.36961
0.003288,-0.36949
0.0033259,-0.36937
0.0033638,-0.36925
0.0034016,-0.36913
0.0034395,-0.36901
0.0034774,-0.36889
0.0035153,-0.36877
0.0035532,-0.36865
0.003591,-0.36853
0.0036289,-0.36841
0.0036668,-0.36829
0.0037047,-0.36817
0.0037426,-0.36805
0.0037804,-0.36793
0.0038183,-0.36781
0.0038562,-0.36769
0.0038941,-0.36757
0.003932,-0.36745
0.0039698,-0.36733
0.0040077,-0.36721
0.0040456,-0.36709
0.0040835,-0.36697
0.0041214,-0.36685
0.0041592,-0.36673
0.0041971,-0.36661
0.004235,-0.36649
0.0042729,-0.36637
0.0043108,-0.36625
0.0043486,-0.36613
0.0043865,-0.36601
0.0044244,-0.36589
0.0044623,-0.36577
0.0045002,-0.36565
0.004538,-0.36553
0.0045759,-0.36541
0.0046138,-0.36529
0.0046517,-0.36517
0.0046896,-0.36505
0.0047274,-0.36493
0.0049168,-0.36434
0.0051062,-0.36374
0.0052956,-0.36315
0.005485,-0.36255
0.0056744,-0.36196
0.0058638,-0.36136
0.0060532,-0.36077
0.0062426,-0.36018
0.006432,-0.35958
0.0066214,-0.35899
0.0068108,-0.3584
0.0070002,-0.35781
0.0071896,-0.35722
0.007379,-0.35663
0.0075684,-0.35604
0.0077578,-0.35545
0.0079472,-0.35486
0.0081366,-0.35428
0.008326,-0.35369
0.0085154,-0.3531
0.0087048,-0.35252
0.0088942,-0.35193
0.0090836,-0.35135
0.009273,-0.35076
0.0094624,-0.35018
0.0096518,-0.3496
0.0098412,-0.34901
0.010031,-0.34843
0.01022,-0.34785
0.010409,-0.34727
0.010599,-0.34669
0.010788,-0.34611
0.010978,-0.34553
0.011167,-0.34495
0.011356,-0.34437
0.011546,-0.34379
0.011735,-0.34321
0.011925,-0.34264
0.012114,-0.34206
0.012303,-0.34148
0.012493,-0.34091
0.012682,-0.34033
0.012872,-0.33976
0.013061,-0.33918
0.01325,-0.33861
0.01344,-0.33804
0.013629,-0.33747
0.013819,-0.33689
0.014008,-0.33632
0.014197,-0.33575
0.014387,-0.33518
0.014576,-0.33461
0.014766,-0.33404
0.014955,-0.33347
0.015144,-0.3329
0.015334,-0.33234
0.015523,-0.33177
0.015713,-0.3312
0.015902,-0.33064
0.016091,-0.33007
0.016281,-0.3295
0.01647,-0.32894
0.01666,-0.32838
0.016849,-0.32781
0.017038,-0.32725
0.017228,-0.32669
0.017417,-0.32612
0.017607,-0.32556
0.017796,-0.325
0.017985,-0.32444
0.018175,-0.32388
0.018364,-0.32332
0.018554,-0.32276
0.018743,-0.3222
0.018932,-0.32164
0.019122,-0.32109
0.019311,-0.32053
0.019501,-0.31997
0.01969,-0.31942
0.019879,-0.31886
0.020069,-0.3183
0.020258,-0.31775
0.020448,-0.3172
0.020637,-0.31664
0.020826,-0.31609
0.021016,-0.31554
0.021205,-0.31498
0.021395,-0.31443
0.021584,-0.31388
0.021773,-0.31333
0.021963,-0.31278
0.022152,-0.31223
0.022342,-0.31168
0.022531,-0.31113
0.02272,-0.31058
0.02291,-0.31003
0.023099,-0.30949
0.023289,-0.30894
0.023478,-0.30839
0.023667,-0.30785
0.024303,-0.30602
0.024939,-0.3042
0.025574,-0.30238
0.02621,-0.30057
0.026845,-0.29876
0.027481,-0.29696
0.028116,-0.29517
0.028752,-0.29338
0.029387,-0.29159
0.030023,-0.28981
0.030658,-0.28804
0.031294,-0.28627
0.03193,-0.28451
0.032565,-0.28275
0.033201,-0.281
0.033836,-0.27925
0.034472,-0.27751
0.035107,-0.27577
0.035743,-0.27404
0.036378,-0.27231
0.037014,-0.27059
0.037649,-0.26887
0.038285,-0.26716
0.038921,-0.26546
0.039556,-0.26376
0.040192,-0.26206
0.040827,-0.26037
0.041463,-0.25869
0.042098,-0.25701
0.042734,-0.25533
0.043369,-0.25366
0.044005,-0.25199
0.044641,-0.25033
0.045276,-0.24868
0.045912,-0.24703
0.046547,-0.24538
0.047183,-0.24374
0.047818,-0.24211
0.048454,-0.24048
0.049089,-0.23885
0.049725,-0.23723
0.05036,-0.23562
0.050996,-0.234
0.051632,-0.2324
0.052267,-0.2308
0.052903,-0.2292
0.053538,-0.22761
0.054174,-0.22602
0.054809,-0.22444
0.055445,-0.22286
0.05608,-0.22129
0.056716,-0.21972
0.057351,-0.21816
0.057987,-0.2166
0.058623,-0.21505
0.059258,-0.2135
0.059894,-0.21195
0.060529,-0.21042
0.061165,-0.20888
0.0618,-0.20735
0.062436,-0.20582
0.063071,-0.2043
0.063707,-0.20279
0.064342,-0.20127
0.064978,-0.19977
0.065614,-0.19826
0.066249,-0.19676
0.066885,-0.19527
0.06752,-0.19378
0.068156,-0.1923
0.068791,-0.19082
0.069427,-0.18934
0.070062,-0.18787
0.070698,-0.1864
0.071333,-0.18494
0.071969,-0.18348
0.072605,-0.18203
0.07324,-0.18058
0.073876,-0.17913
0.074511,-0.17769
0.075147,-0.17625
0.075782,-0.17482
0.076418,-0.17339
0.077053,-0.17197
0.077689,-0.17055
0.078324,-0.16913
0.07896,-0.16772
0.079596,-0.16632
0.080231,-0.16491
0.080867,-0.16352
0.081502,-0.16212
0.082138,-0.16073
0.082773,-0.15935
0.083409,-0.15796
0.084044,-0.15659
0.08468,-0.15521
0.085316,-0.15385
0.085951,-0.15248
0.086587,-0.15112
0.087222,-0.14976
0.088006,-0.1481
0.08879,-0.14643
0.089574,-0.14478
0.090357,-0.14313
0.091141,-0.14149
0.091925,-0.13985
0.092709,-0.13822
0.093492,-0.13659
0.094276,-0.13497
0.09506,-0.13336
0.095844,-0.13176
0.096628,-0.13015
0.097411,-0.12856
0.098195,-0.12697
0.098979,-0.12539
0.099763,-0.12381
0.10055,-0.12224
0.10133,-0.12067
0.10211,-0.11911
0.1029,-0.11756
0.10368,-0.11601
0.10447,-0.11447
0.10525,-0.11293
0.10603,-0.1114
0.10682,-0.10987
0.1076,-0.10835
0.10838,-0.10684
0.10917,-0.10533
0.10995,-0.10383
0.11074,-0.10233
0.11152,-0.10084
0.1123,-0.099354
0.11309,-0.097873
0.11387,-0.096398
0.11465,-0.094928
0.11544,-0.093463
0.11622,-0.092005
0.11701,-0.090551
0.11779,-0.089103
0.11857,-0.08766
0.11936,-0.086223
0.12014,-0.084791
0.12093,-0.083364
0.12171,-0.081943
0.12249,-0.080527
0.12328,-0.079116
0.12406,-0.07771
0.12484,-0.07631
0.12563,-0.074914
0.12641,-0.073524
0.1272,-0.072139
0.12798,-0.070759
0.12876,-0.069385
0.12955,-0.068015
0.13033,-0.066651
0.13111,-0.065291
0.1319,-0.063937
0.13268,-0.062588
0.13347,-0.061243
0.13425,-0.059904
0.13503,-0.05857
0.13582,-0.05724
0.1366,-0.055916
0.13738,-0.054596
0.13817,-0.053281
0.13895,-0.051972
0.13974,-0.050667
0.14052,-0.049367
0.1413,-0.048071
0.14209,-0.046781
0.14287,-0.045495
0.14366,-0.044214
0.14444,-0.042938
0.14522,-0.041666
0.14601,-0.0404
0.14679,-0.039138
0.14757,-0.03788
0.14836,-0.036628
0.14914,-0.03538
0.14993,-0.034136
0.15071,-0.032897
0.15149,-0.031663
0.15228,-0.030433
0.15306,-0.029208
0.15384,-0.027988
0.15463,-0.026772
0.15541,-0.02556
0.1562,-0.024353
0.15698,-0.023151
0.15776,-0.021952
0.15855,-0.020759
0.15933,-0.01957
0.16011,-0.018385
0.1609,-0.017204
0.16168,-0.016028
0.16247,-0.014856
0.16325,-0.013689
0.16403,-0.012526
0.16482,-0.011367
0.1656,-0.010213
0.16654,-0.0088381
0.16748,-0.0074696
0.16841,-0.0061071
0.16935,-0.0047506
0.17029,-0.0034001
0.17122,-0.0020555
0.17216,-0.00071695
0.1731,0.00061571
0.17403,0.0019425
0.17497,0.0032634
0.17591,0.0045784
0.17685,0.0058876
0.17778,0.0071911
0.17872,0.0084887
0.17966,0.0097806
0.18059,0.011067
0.18153,0.012347
0.18247,0.013622
0.18341,0.014891
0.18434,0.016155
0.18528,0.017413
0.18622,0.018665
0.18715,0.019912
0.18809,0.021153
0.18903,0.022389
0.18997,0.023619
0.1909,0.024844
0.19184,0.026064
0.19278,0.027278
0.19371,0.028486
0.19465,0.02969
0.19559,0.030887
0.19652,0.03208
0.19746,0.033267
0.1984,0.034449
0.19934,0.035626
0.20027,0.036798
0.20121,0.037964
0.20215,0.039125
0.20308,0.040282
0.20402,0.041432
0.20496,0.042578
0.2059,0.043719
0.20683,0.044855
0.20777,0.045985
0.20871,0.047111
0.20964,0.048232
0.21058,0.049347
0.21152,0.050458
0.21246,0.051564
0.21339,0.052665
0.21433,0.053761
0.21527,0.054852
0.2162,0.055938
0.21714,0.057019
0.21808,0.058096
0.21901,0.059168
0.21995,0.060235
0.22089,0.061298
0.22183,0.062355
0.22276,0.063408
0.2237,0.064456
0.22464,0.0655
0.22557,0.066539
0.22651,0.067574
0.22745,0.068603
0.22839,0.069629
0.22932,0.070649
0.23026,0.071666
0.2312,0.072677
0.23213,0.073685
0.23307,0.074687
0.23401,0.075686
0.23495,0.076679
0.23588,0.077669
0.23682,0.078654
0.23776,0.079635
0.23869,0.080611
0.23963,0.081583
0.24057,0.082551
0.2415,0.083514
0.24244,0.084473
0.24338,0.085428
0.24432,0.086379
0.24525,0.087326
0.24619,0.088268
0.24713,0.089206
0.24806,0.09014
0.249,0.09107
0.24994,0.091996
0.25088,0.092917
0.25181,0.093835
0.25275,0.094748
0.25369,0.095658
0.25462,0.096563
0.25556,0.097465
0.2565,0.098362
0.25743,0.099256
0.25837,0.10015
0.25931,0.10103
0.26042,0.10207
0.26152,0.10311
0.26263,0.10414
0.26374,0.10516
0.26485,0.10618
0.26595,0.1072
0.26706,0.10821
0.26817,0.10921
0.26928,0.11021
0.27038,0.1112
0.27149,0.11219
0.2726,0.11318
0.2737,0.11415
0.27481,0.11513
0.27592,0.1161
0.27703,0.11706
0.27813,0.11802
0.27924,0.11897
0.28035,0.11992
0.28146,0.12086
0.28256,0.1218
0.28367,0.12273
0.28478,0.12366
0.28589,0.12458
0.28699,0.1255
0.2881,0.12641
0.28921,0.12732
0.29031,0.12823
0.29142,0.12913
0.29253,0.13002
0.29364,0.13091
0.29474,0.1318
0.29585,0.13268
0.29696,0.13355
0.29807,0.13442
0.29917,0.13529
0.30028,0.13615
0.30139,0.13701
0.3025,0.13786
0.3036,0.13871
0.30471,0.13956
0.30582,0.1404
0.30692,0.14123
0.30803,0.14206
0.30914,0.14289
0.31025,0.14371
0.31135,0.14453
0.31246,0.14534
0.31357,0.14615
0.31468,0.14696
0.31578,0.14776
0.31689,0.14856
0.318,0.14935
0.31911,0.15014
0.32021,0.15092
0.32132,0.1517
0.32243,0.15248
0.32353,0.15325
0.32464,0.15402
0.32575,0.15478
0.32686,0.15554
0.32796,0.1563
0.32907,0.15705
0.33018,0.1578
0.33129,0.15854
0.33239,0.15928
0.3335,0.16002
0.33461,0.16075
0.33572,0.16148
0.33682,0.16221
0.33793,0.16293
0.33904,0.16364
0.34014,0.16436
0.34125,0.16507
0.34236,0.16577
0.34347,0.16648
0.34457,0.16717
0.34568,0.16787
0.34679,0.16856
0.3479,0.16925
0.349,0.16993
0.35011,0.17061
0.35122,0.17129
0.35233,0.17196
0.35343,0.17263
0.35454,0.1733
0.35565,0.17396
0.35676,0.17462
0.35786,0.17528
0.35897,0.17593
0.36008,0.17658
0.36118,0.17723
0.36229,0.17787
0.3634,0.17851
0.36451,0.17914
0.36561,0.17978
0.36672,0.18041
0.36783,0.18103
0.36894,0.18165
0.37004,0.18227
0.37137,0.18301
0.37269,0.18374
0.37401,0.18447
0.37534,0.18519
0.37666,0.18591
0.37798,0.18662
0.37931,0.18733
0.38063,0.18804
0.38195,0.18874
0.38328,0.18943
0.3846,0.19012
0.38592,0.19081
0.38724,0.19149
0.38857,0.19217
0.38989,0.19285
0.39121,0.19352
0.39254,0.19418
0.39386,0.19484
0.39518,0.1955
0.39651,0.19616
0.39783,0.19681
0.39915,0.19745
0.40048,0.19809
0.4018,0.19873
0.40312,0.19936
0.40445,0.19999
0.40577,0.20062
0.40709,0.20124
0.40842,0.20186
0.40974,0.20247
0.41106,0.20308
0.41239,0.20369
0.41371,0.20429
0.41503,0.20489
0.41635,0.20548
0.41768,0.20607
0.419,0.20666
0.42032,0.20725
0.42165,0.20783
0.42297,0.2084
0.42429,0.20897
0.42562,0.20954
0.42694,0.21011
0.42826,0.21067
0.42959,0.21123
0.43091,0.21179
0.43223,0.21234
0.43356,0.21288
0.43488,0.21343
0.4362,0.21397
0.43753,0.21451
0.43885,0.21504
0.44017,0.21557
0.4415,0.2161
0.44282,0.21663
0.44414,0.21715
0.44547,0.21766
0.44679,0.21818
0.44811,0.21869
0.44943,0.2192
0.45076,0.2197
0.45208,0.22021
0.4534,0.2207
0.45473,0.2212
0.45605,0.22169
0.45737,0.22218
0.4587,0.22267
0.46002,0.22315
0.46134,0.22363
0.46267,0.22411
0.46399,0.22458
0.46531,0.22505
0.46664,0.22552
0.46796,0.22599
0.46928,0.22645
0.47061,0.22691
0.47193,0.22736
0.47325,0.22782
0.47458,0.22827
0.4759,0.22872
0.47722,0.22916
0.47854,0.22961
0.47987,0.23004
0.48119,0.23048
0.48251,0.23092
0.48384,0.23135
0.48516,0.23178
0.48648,0.2322
0.48781,0.23263
0.48913,0.23305
0.49045,0.23347
0.49178,0.23388
0.4931,0.23429
0.49442,0.23471
0.49575,0.23511
0.49707,0.23552
0.49839,0.23592
0.49972,0.23632
0.50104,0.23672
0.50236,0.23712
0.50398,0.2376
0.50559,0.23807
0.50721,0.23854
0.50883,0.23901
0.51044,0.23948
0.51206,0.23994
0.51368,0.2404
0.51529,0.24086
0.51691,0.24131
0.51852,0.24176
0.52014,0.2422
0.52176,0.24264
0.52337,0.24308
0.52499,0.24351
0.52661,0.24395
0.52822,0.24437
0.52984,0.2448
0.53145,0.24522
0.53307,0.24564
0.53469,0.24606
0.5363,0.24647
0.53792,0.24688
0.53953,0.24728
0.54115,0.24769
0.54277,0.24809
0.54438,0.24848
0.546,0.24888
0.54762,0.24927
0.54923,0.24965
0.55085,0.25004
0.55246,0.25042
0.55408,0.2508
0.5557,0.25117
0.55731,0.25155
0.55893,0.25192
0.56055,0.25229
0.56216,0.25265
0.56378,0.25301
0.56539,0.25337
0.56701,0.25373
0.56863,0.25408
0.57024,0.25443
0.57186,0.25478
0.57347,0.25512
0.57509,0.25547
0.57671,0.25581
0.57832,0.25614
0.57994,0.25648
0.58156,0.25681
0.58317,0.25714
0.58479,0.25747
0.5864,0.25779
0.58802,0.25811
0.58964,0.25843
0.59125,0.25875
0.59287,0.25906
0.59449,0.25938
0.5961,0.25969
0.59772,0.25999
0.59933,0.2603
0.60095,0.2606
0.60257,0.2609
0.60418,0.2612
0.6058,0.26149
0.60741,0.26179
0.60903,0.26208
0.61065,0.26237
0.61226,0.26265
0.61388,0.26294
0.6155,0.26322
0.61711,0.2635
0.61873,0.26378
0.62034,0.26406
0.62196,0.26433
0.62358,0.2646
0.62519,0.26487
0.62681,0.26514
0.62843,0.2654
0.63004,0.26567
0.63166,0.26593
0.63327,0.26619
0.63489,0.26644
0.63651,0.2667
0.63812,0.26695
0.63974,0.26721
0.64135,0.26746
0.64297,0.2677
0.64459,0.26795
0.6462,0.26819
0.64782,0.26844
0.64944,0.26868
0.65105,0.26891
0.65267,0.26915
0.65428,0.26939
0.6559,0.26962
0.65752,0.26985
0.65913,0.27008
0.66075,0.27031
0.66236,0.27054
0.66398,0.27076
0.66598,0.27104
0.66798,0.27131
0.66998,0.27158
0.67198,0.27185
0.67398,0.27212
0.67598,0.27238
0.67798,0.27264
0.67998,0.2729
0.68198,0.27315
0.68398,0.27341
0.68598,0.27366
0.68798,0.27391
0.68998,0.27416
0.69198,0.2744
0.69398,0.27464
0.69598,0.27488
0.69798,0.27512
0.69998,0.27536
0.70198,0.27559
0.70398,0.27582
0.70598,0.27605
0.70798,0.27628
0.70998,0.2765
0.71198,0.27672
0.71398,0.27695
0.71598,0.27716
0.71798,0.27738
0.71998,0.27759
0.72198,0.27781
0.72398,0.27802
0.72598,0.27822
0.72798,0.27843
0.72998,0.27864
0.73198,0.27884
0.73398,0.27904
0.73598,0.27924
0.73798,0.27943
0.73998,0.27963
0.74198,0.27982
0.74398,0.28001
0.74598,0.2802
0.74798,0.28039
0.74998,0.28057
0.75198,0.28076
0.75398,0.28094
0.75598,0.28112
0.75798,0.2813
0.75998,0.28147
0.76198,0.28165
0.76398,0.28182
0.76598,0.28199
0.76798,0.28216
0.76998,0.28233
0.77198,0.2825
0.77398,0.28266
0.77598,0.28282
0.77798,0.28299
0.77998,0.28315
0.78198,0.2833
0.78398,0.28346
0.78598,0.28362
0.78798,0.28377
0.78998,0.28392
0.79198,0.28408
0.79398,0.28422
0.79598,0.28437
0.79798,0.28452
0.79998,0.28466
0.80198,0.28481
0.80398,0.28495
0.80598,0.28509
0.80798,0.28523
0.80998,0.28537
0.81198,0.28551
0.81398,0.28564
0.81598,0.28578
0.81798,0.28591
0.81998,0.28604
0.82198,0.28617
0.82398,0.2863
0.82598,0.28643
0.82798,0.28656
0.82998,0.28669
0.83198,0.28681
0.83398,0.28693
0.83598,0.28706
0.83798,0.28718
0.83998,0.2873
0.84198,0.28742
0.84398,0.28753
0.84598,0.28765
0.84798,0.28777
0.84998,0.28788
0.85198,0.288
0.85398,0.28811
0.85598,0.28822
0.85798,0.28833
0.85998,0.28844
0.86198,0.28855
0.86398,0.28866
0.86598,0.28877
0.86798,0.28887
0.86998,0.28898
0.87198,0.28908
0.87398,0.28918
0.87598,0.28929
0.87798,0.28939
0.87998,0.28949
0.88198,0.28959
0.88398,0.28969
0.88598,0.28978
0.88798,0.28988
0.88998,0.28998
0.89198,0.29007
0.89398,0.29016
0.89598,0.29026
0.89798,0.29035
0.89998,0.29044
0.90198,0.29053
0.90398,0.29062
0.90598,0.29071
0.90798,0.2908
0.90998,0.29089
0.91198,0.29097
0.91398,0.29106
0.91598,0.29114
0.91798,0.29123
0.91998,0.29131
0.92198,0.29139
0.92398,0.29147
0.92598,0.29155
0.92798,0.29163
0.92998,0.29171
0.93198,0.29179
0.93398,0.29187
0.93598,0.29195
0.93798,0.29202
0.93998,0.2921
0.94198,0.29217
0.94398,0.29225
0.94598,0.29232
0.94798,0.29239
0.94998,0.29246
0.95198,0.29254
0.95398,0.29261
0.95598,0.29268
0.95798,0.29274
0.95998,0.29281
0.96198,0.29288
0.96398,0.29295
0.96598,0.29301
0.96798,0.29308
0.96998,0.29315
0.97198,0.29321
0.97398,0.29327
0.97598,0.29334
0.97798,0.2934
0.97998,0.29346
0.98198,0.29352
0.98398,0.29359
0.98598,0.29365
0.98798,0.29371
0.98998,0.29376
0.99198,0.29382
0.99398,0.29388
0.99598,0.29394
0.99798,0.294
0.99998,0.29405
1.002,0.29411
1.004,0.29416
1.006,0.29422
1.008,0.29427
1.01,0.29433
1.012,0.29438
1.014,0.29443
1.016,0.29448
1.018,0.29454
1.02,0.29459
1.022,0.29464
1.024,0.29469
1.026,0.29474
1.028,0.29479
1.03,0.29484
1.032,0.29488
1.034,0.29493
1.036,0.29498
1.038,0.29503
1.04,0.29507
1.042,0.29512
1.044,0.29516
1.046,0.29521
1.048,0.29526
1.05,0.2953
1.052,0.29534
1.054,0.29539
1.056,0.29543
1.058,0.29547
1.06,0.29552
1.062,0.29556
1.064,0.2956
1.066,0.29564
1.068,0.29568
1.07,0.29572
1.072,0.29576
1.074,0.2958
1.076,0.29584
1.078,0.29588
1.08,0.29592
1.082,0.29596
1.084,0.296
1.086,0.29604
1.088,0.29607
1.09,0.29611
1.092,0.29615
1.094,0.29618
1.096,0.29622
1.098,0.29626
1.1,0.29629
1.102,0.29633
1.104,0.29636
1.106,0.2964
1.108,0.29643
1.11,0.29646
1.112,0.2965
1.114,0.29653
1.116,0.29656
1.118,0.2966
1.12,0.29663
1.122,0.29666
1.124,0.29669
1.126,0.29672
1.128,0.29675
1.13,0.29679
1.132,0.29682
1.134,0.29685
1.136,0.29688
1.138,0.29691
1.14,0.29693
1.142,0.29696
1.144,0.29699
1.146,0.29702
1.148,0.29705
1.15,0.29708
1.152,0.2971
1.154,0.29713
1.156,0.29716
1.158,0.29719
1.16,0.29721
1.162,0.29724
1.164,0.29726
1.166,0.29729
1.168,0.29732
1.17,0.29734
1.172,0.29737
1.174,0.29739
1.176,0.29742
1.178,0.29744
1.18,0.29746
1.182,0.29749
1.184,0.29751
1.186,0.29754
1.188,0.29756
1.19,0.29758
1.192,0.2976
1.194,0.29763
1.196,0.29765
1.198,0.29767
1.2,0.29769
1.202,0.29771
1.204,0.29774
1.206,0.29776
1.208,0.29778
1.21,0.2978
1.212,0.29782
1.214,0.29784
1.216,0.29786
1.218,0.29788
1.22,0.2979
1.222,0.29792
1.224,0.29794
1.226,0.29796
1.228,0.29798
1.23,0.298
1.232,0.29802
1.234,0.29803
1.236,0.29805
1.238,0.29807
1.24,0.29809
1.242,0.29811
1.244,0.29812
1.246,0.29814
1.248,0.29816
1.25,0.29818
1.252,0.29819
1.254,0.29821
1.256,0.29823
1.258,0.29824
1.26,0.29826
1.262,0.29828
1.264,0.29829
1.266,0.29831
1.268,0.29833
1.27,0.29834
1.272,0.29836
1.274,0.29837
1.276,0.29839
1.278,0.2984
1.28,0.29842
1.282,0.29843
1.284,0.29845
1.286,0.29846
1.288,0.29848
1.29,0.29849
1.292,0.29851
1.294,0.29852
1.296,0.29853
1.298,0.29855
1.3,0.29856
1.302,0.29858
1.304,0.29859
1.306,0.2986
1.308,0.29862
1.31,0.29863
1.312,0.29864
1.314,0.29865
1.316,0.29867
1.318,0.29868
1.32,0.29869
1.322,0.2987
1.324,0.29872
1.326,0.29873
1.328,0.29874
1.33,0.29875
1.332,0.29876
1.334,0.29878
1.336,0.29879
1.338,0.2988
1.34,0.29881
1.342,0.29882
1.344,0.29883
1.346,0.29884
1.348,0.29886
1.35,0.29887
1.352,0.29888
1.354,0.29889
1.356,0.2989
1.358,0.29891
1.36,0.29892
1.362,0.29893
1.364,0.29894
1.366,0.29895
1.368,0.29896
1.37,0.29897
1.372,0.29898
1.374,0.29899
1.376,0.299
1.378,0.29901
1.38,0.29902
1.382,0.29903
1.384,0.29903
1.386,0.29904
1.388,0.29905
1.39,0.29906
1.392,0.29907
1.394,0.29908
1.396,0.29909
1.398,0.2991
1.4,0.29911
1.402,0.29911
1.404,0.29912
1.406,0.29913
1.408,0.29914
1.41,0.29915
1.412,0.29915
1.414,0.29916
1.416,0.29917
1.418,0.29918
1.42,0.29919
1.422,0.29919
1.424,0.2992
1.426,0.29921
1.428,0.29922
1.43,0.29922
1.432,0.29923
1.434,0.29924
1.436,0.29924
1.438,0.29925
1.44,0.29926
1.442,0.29927
1.444,0.29927
1.446,0.29928
1.448,0.29929
1.45,0.29929
1.452,0.2993
1.454,0.29931
1.456,0.29931
1.458,0.29932
1.46,0.29933
1.462,0.29933
1.464,0.29934
1.466,0.29934
1.468,0.29935
1.47,0.29936
1.472,0.29936
1.474,0.29937
1.476,0.29937
1.478,0.29938
1.48,0.29939
1.482,0.29939
1.484,0.2994
1.486,0.2994
1.488,0.29941
1.49,0.29941
1.492,0.29942
1.494,0.29943
1.496,0.29943
1.498,0.29944
1.5,0.29944
1.502,0.29945
1.504,0.29945
1.506,0.29946
1.508,0.29946
1.51,0.29947
1.512,0.29947
1.514,0.29948
1.516,0.29948
1.518,0.29949
1.52,0.29949
1.522,0.2995
1.524,0.2995
1.526,0.29951
1.528,0.29951
1.53,0.29952
1.532,0.29952
1.534,0.29953
1.536,0.29953
1.538,0.29953
1.54,0.29954
1.542,0.29954
1.544,0.29955
1.546,0.29955
1.548,0.29956
1.55,0.29956
1.552,0.29956
1.554,0.29957
1.556,0.29957
1.558,0.29958
1.56,0.29958
1.562,0.29958
1.564,0.29959
1.566,0.29959
1.568,0.2996
1.57,0.2996
1.572,0.2996
1.574,0.29961
1.576,0.29961
1.578,0.29961
1.58,0.29962
1.582,0.29962
1.584,0.29963
1.586,0.29963
1.588,0.29963
1.59,0.29964
1.592,0.29964
1.594,0.29964
1.596,0.29965
1.598,0.29965
1.6,0.29965
1.602,0.29966
1.604,0.29966
1.606,0.29966
1.608,0.29967
1.61,0.29967
1.612,0.29967
1.614,0.29968
1.616,0.29968
1.618,0.29968
1.62,0.29968
1.622,0.29969
1.624,0.29969
1.626,0.29969
1.628,0.2997
1.63,0.2997
1.632,0.2997
1.634,0.2997
1.636,0.29971
1.638,0.29971
1.64,0.29971
1.642,0.29972
1.644,0.29972
1.646,0.29972
1.648,0.29972
1.65,0.29973
1.652,0.29973
1.654,0.29973
1.656,0.29973
1.658,0.29974
1.66,0.29974
1.662,0.29974
1.664,0.29974
1.666,0.29975
1.668,0.29975
1.67,0.29975
1.672,0.29975
1.674,0.29976
1.676,0.29976
1.678,0.29976
1.68,0.29976
1.682,0.29976
1.684,0.29977
1.686,0.29977
1.688,0.29977
1.69,0.29977
1.692,0.29978
1.694,0.29978
1.696,0.29978
1.698,0.29978
1.7,0.29978
1.702,0.29979
1.704,0.29979
1.706,0.29979
1.708,0.29979
1.71,0.29979
1.712,0.2998
1.714,0.2998
1.716,0.2998
1.718,0.2998
1.72,0.2998
1.722,0.29981
1.724,0.29981
1.726,0.29981
1.728,0.29981
1.73,0.29981
1.732,0.29981
1.734,0.29982
1.736,0.29982
1.738,0.29982
1.74,0.29982
1.742,0.29982
1.744,0.29982
1.746,0.29983
1.748,0.29983
1.75,0.29983
1.752,0.29983
1.754,0.29983
1.756,0.29983
1.758,0.29984
1.76,0.29984
1.762,0.29984
1.764,0.29984
1.766,0.29984
1.768,0.29984
1.77,0.29984
1.772,0.29985
1.774,0.29985
1.776,0.29985
1.778,0.29985
1.78,0.29985
1.782,0.29985
1.784,0.29985
1.786,0.29986
1.788,0.29986
1.79,0.29986
1.792,0.29986
1.794,0.29986
1.796,0.29986
1.798,0.29986
1.8,0.29987
1.802,0.29987
1.804,0.29987
1.806,0.29987
1.808,0.29987
1.81,0.29987
1.812,0.29987
1.814,0.29987
1.816,0.29988
1.818,0.29988
1.82,0.29988
1.822,0.29988
1.824,0.29988
1.826,0.29988
1.828,0.29988
1.83,0.29988
1.832,0.29988
1.834,0.29989
1.836,0.29989
1.838,0.29989
1.84,0.29989
1.842,0.29989
1.844,0.29989
1.846,0.29989
1.848,0.29989
1.85,0.29989
1.852,0.29989
1.854,0.2999
1.856,0.2999
1.858,0.2999
1.86,0.2999
1.862,0.2999
1.864,0.2999
1.866,0.2999
1.868,0.2999
1.87,0.2999
1.872,0.2999
1.874,0.29991
1.876,0.29991
1.878,0.29991
1.88,0.29991
1.882,0.29991
1.884,0.29991
1.886,0.29991
1.888,0.29991
1.89,0.29991
1.892,0.29991
1.894,0.29991
1.896,0.29991
1.898,0.29992
1.9,0.29992
1.902,0.29992
1.904,0.29992
1.906,0.29992
1.908,0.29992
1.91,0.29992
1.912,0.29992
1.914,0.29992
1.916,0.29992
1.918,0.29992
1.92,0.29992
1.922,0.29992
1.924,0.29993
1.926,0.29993
1.928,0.29993
1.93,0.29993
1.932,0.29993
1.934,0.29993
1.936,0.29993
1.938,0.29993
1.94,0.29993
1.942,0.29993
1.944,0.29993
1.946,0.29993
1.948,0.29993
1.95,0.29993
1.952,0.29993
1.954,0.29994
1.956,0.29994
1.958,0.29994
1.96,0.29994
1.962,0.29994
1.964,0.29994
1.966,0.29994
1.968,0.29994
1.97,0.29994
1.972,0.29994
1.974,0.29994
1.976,0.29994
1.978,0.29994
1.98,0.29994
1.982,0.29994
1.984,0.29994
1.986,0.29994
1.988,0.29994
1.99,0.29995
1.992,0.29995
1.994,0.29995
1.996,0.29995
1.998,0.29995
2,0.29995
2,0.29995
2,0.29995
2,0.29995
2.0015,0.29995
2.003,0.29995
2.0045,0.29995
2.0059,0.29995
2.0074,0.29995
2.0089,0.29995
2.0104,0.29995
2.0119,0.29995
2.0134,0.29995
2.0149,0.29995
2.0164,0.29995
2.0178,0.29995
2.0193,0.29995
2.0208,0.29995
2.0223,0.29995
2.0238,0.29995
2.0253,0.29995
2.0268,0.29995
2.0283,0.29995
2.0297,0.29995
2.0312,0.29995
2.0327,0.29996
2.0342,0.29996
2.0357,0.29996
2.0372,0.29996
2.0387,0.29996
2.0401,0.29996
2.0416,0.29996
2.0431,0.29996
2.0446,0.29996
2.0461,0.29996
2.0476,0.29996
2.0491,0.29996
2.0506,0.29996
2.052,0.29996
2.0535,0.29996
2.055,0.29996
2.0565,0.29996
2.058,0.29996
2.0595,0.29996
2.061,0.29996
2.0625,0.29996
2.0639,0.29996
2.0654,0.29996
2.0669,0.29996
2.0684,0.29996
2.0699,0.29996
2.0714,0.29996
2.0729,0.29996
2.0743,0.29996
2.0758,0.29996
2.0773,0.29996
2.0788,0.29996
2.0803,0.29996
2.0818,0.29996
2.0833,0.29996
2.0848,0.29997
2.0862,0.29997
2.0877,0.29997
2.0892,0.29997
2.0907,0.29997
2.0922,0.29997
2.0937,0.29997
2.0952,0.29997
2.0967,0.29997
2.0981,0.29997
2.0996,0.29997
2.1011,0.29997
2.1026,0.29997
2.1041,0.29997
2.1056,0.29997
2.1071,0.29997
2.1086,0.29997
2.11,0.29997
2.1115,0.29997
2.113,0.29997
2.1145,0.29997
2.116,0.29997
2.1175,0.29997
2.119,0.29997
2.1204,0.29997
2.1219,0.29997
2.1234,0.29997
2.1249,0.29997
2.1264,0.29997
2.1279,0.29997
2.1294,0.29997
2.1309,0.29997
2.1323,0.29997
2.1338,0.29997
2.1353,0.29997
2.1368,0.29997
2.1383,0.29997
2.1398,0.29997
2.1413,0.29997
2.1428,0.29997
2.1442,0.29997
2.1457,0.29997
2.1472,0.29997
2.1487,0.29997
2.1502,0.29997
2.1516,0.29997
2.1531,0.29997
2.1545,0.29997
2.156,0.29998
2.1574,0.29998
2.1589,0.29998
2.1604,0.29998
2.1618,0.29998
2.1633,0.29998
2.1647,0.29998
2.1662,0.29998
2.1676,0.29998
2.1691,0.29998
2.1705,0.29998
2.172,0.29998
2.1735,0.29998
2.1749,0.29998
2.1764,0.29998
2.1778,0.29998
2.1793,0.29998
2.1807,0.29998
2.1822,0.29998
2.1837,0.29998
2.1851,0.29998
2.1866,0.29998
2.188,0.29998
2.1895,0.29998
2.1909,0.29998
2.1924,0.29998
2.1938,0.29998
2.1953,0.29998
2.1968,0.29998
2.1982,0.29998
2.1997,0.29998
2.2011,0.29998
2.2026,0.29998
2.204,0.29998
2.2055,0.29998
2.207,0.29998
2.2084,0.29998
2.2099,0.29998
2.2113,0.29998
2.2128,0.29998
2.2142,0.29998
2.2157,0.29998
2.2171,0.29998
2.2186,0.29998
2.2201,0.29998
2.2215,0.29998
2.223,0.29998
2.2244,0.29998
2.2259,0.29998
2.2273,0.29998
2.2288,0.29998
2.2303,0.29998
2.2317,0.29998
2.2332,0.29998
2.2346,0.29998
2.2361,0.29998
2.2375,0.29998
2.239,0.29998
2.2404,0.29998
2.2419,0.29998
2.2434,0.29998
2.2448,0.29998
2.2463,0.29998
2.2477,0.29998
2.2492,0.29998
2.2506,0.29998
2.2521,0.29998
2.2536,0.29998
2.255,0.29998
2.2565,0.29998
2.2579,0.29998
2.2594,0.29998
2.2608,0.29998
2.2623,0.29998
2.2637,0.29999
2.2652,0.29999
2.2667,0.29999
2.2681,0.29999
2.2696,0.29999
2.271,0.29999
2.2725,0.29999
2.2739,0.29999
2.2754,0.29999
2.2769,0.29999
2.2783,0.29999
2.2798,0.29999
2.2812,0.29999
2.2827,0.29999
2.2841,0.29999
2.2856,0.29999
2.287,0.29999
2.2885,0.29999
2.29,0.29999
2.2914,0.29999
2.2929,0.29999
2.2943,0.29999
2.2961,0.29999
2.298,0.29999
2.2998,0.29999
2.3016,0.29999
2.3034,0.29999
2.3052,0.29999
2.307,0.29999
2.3089,0.29999
2.3107,0.29999
2.3125,0.29999
2.3143,0.29999
2.3161,0.29999
2.318,0.29999
2.3198,0.29999
2.3216,0.29999
2.3234,0.29999
2.3252,0.29999
2.327,0.29999
2.3289,0.29999
2.3307,0.29999
2.3325,0.29999
2.3343,0.29999
2.3361,0.29999
2.3379,0.29999
2.3398,0.29999
2.3416,0.29999
2.3434,0.29999
2.3452,0.29999
2.347,0.29999
2.3488,0.29999
2.3507,0.29999
2.3525,0.29999
2.3543,0.29999
2.3561,0.29999
2.3579,0.29999
2.3597,0.29999
2.3616,0.29999
2.3634,0.29999
2.3652,0.29999
2.367,0.29999
2.3688,0.29999
2.3706,0.29999
2.3725,0.29999
2.3743,0.29999
2.3761,0.29999
2.3779,0.29999
2.3797,0.29999
2.3816,0.29999
2.3834,0.29999
2.3852,0.29999
2.387,0.29999
2.3888,0.29999
2.3906,0.29999
2.3925,0.29999
2.3943,0.29999
2.3961,0.29999
2.3979,0.29999
2.3997,0.29999
2.4015,0.29999
2.4034,0.29999
2.4052,0.29999
2.407,0.29999
2.4088,0.29999
2.4106,0.29999
2.4124,0.29999
2.4143,0.29999
2.4161,0.29999
2.4179,0.29999
2.4197,0.29999
2.4215,0.29999
2.4233,0.29999
2.4252,0.29999
2.427,0.29999
2.4288,0.29999
2.4306,0.29999
2.4324,0.29999
2.4342,0.29999
2.4361,0.29999
2.4379,0.29999
2.4397,0.29999
2.4415,0.29999
2.4433,0.29999
2.4452,0.29999
2.447,0.29999
2.4488,0.29999
2.4506,0.29999
2.4524,0.29999
2.4542,0.29999
2.4561,0.29999
2.4579,0.29999
2.4597,0.29999
2.4615,0.29999
2.4633,0.29999
2.4651,0.29999
2.467,0.29999
2.4688,0.29999
2.4706,0.29999
2.4724,0.29999
2.4742,0.29999
2.476,0.29999
2.478,0.29999
2.48,0.29999
2.482,0.29999
2.484,0.29999
2.486,0.29999
2.488,0.29999
2.49,0.29999
2.492,0.29999
2.494,0.29999
2.496,0.3
2.498,0.3
2.5,0.3
2.502,0.3
2.504,0.3
2.506,0.3
2.508,0.3
2.51,0.3
2.512,0.3
2.514,0.3
2.516,0.3
2.518,0.3
2.52,0.3
2.522,0.3
2.524,0.3
2.526,0.3
2.528,0.3
2.53,0.3
2.532,0.3
2.534,0.3
2.536,0.3
2.538,0.3
2.54,0.3
2.542,0.3
2.544,0.3
2.546,0.3
2.548,0.3
2.55,0.3
2.552,0.3
2.554,0.3
2.556,0.3
2.558,0.3
2.56,0.3
2.562,0.3
2.564,0.3
2.566,0.3
2.568,0.3
2.57,0.3
2.572,0.3
2.574,0.3
2.576,0.3
2.578,0.3
2.58,0.3
2.582,0.3
2.584,0.3
2.586,0.3
2.588,0.3
2.59,0.3
2.592,0.3
2.594,0.3
2.596,0.3
2.598,0.3
2.6,0.3
2.602,0.3
2.604,0.3
2.606,0.3
2.608,0.3
2.61,0.3
2.612,0.3
2.614,0.3
2.616,0.3
2.618,0.3
2.62,0.3
2.622,0.3
2.624,0.3
2.626,0.3
2.628,0.3
2.63,0.3
2.632,0.3
2.634,0.3
2.636,0.3
2.638,0.3
2.64,0.3
2.642,0.3
2.644,0.3
2.646,0.3
2.648,0.3
2.65,0.3
2.652,0.3
2.654,0.3
2.656,0.3
2.658,0.3
2.66,0.3
2.662,0.3
2.664,0.3
2.666,0.3
2.668,0.3
2.67,0.3
2.672,0.3
2.674,0.3
2.676,0.3
2.678,0.3
2.68,0.3
2.682,0.3
2.684,0.3
2.686,0.3
2.688,0.3
2.69,0.3
2.692,0.3
2.694,0.3
2.696,0.3
2.698,0.3
2.7,0.3
2.702,0.3
2.704,0.3
2.706,0.3
2.708,0.3
2.71,0.3
2.712,0.3
2.714,0.3
2.716,0.3
2.718,0.3
2.72,0.3
2.722,0.3
2.724,0.3
2.726,0.3
2.728,0.3
2.73,0.3
2.732,0.3
2.734,0.3
2.736,0.3
2.738,0.3
2.74,0.3
2.742,0.3
2.744,0.3
2.746,0.3
2.748,0.3
2.75,0.3
2.752,0.3
2.754,0.3
2.756,0.3
2.758,0.3
2.76,0.3
2.762,0.3
2.764,0.3
2.766,0.3
2.768,0.3
2.77,0.3
2.772,0.3
2.774,0.3
2.776,0.3
2.778,0.3
2.78,0.3
2.782,0.3
2.784,0.3
2.786,0.3
2.788,0.3
2.79,0.3
2.792,0.3
2.794,0.3
2.796,0.3
2.798,0.3
2.8,0.3
2.802,0.3
2.804,0.3
2.806,0.3
2.808,0.3
2.81,0.3
2.812,0.3
2.814,0.3
2.816,0.3
2.818,0.3
2.82,0.3
2.822,0.3
2.824,0.3
2.826,0.3
2.828,0.3
2.83,0.3
2.832,0.3
2.834,0.3
2.836,0.3
2.838,0.3
2.84,0.3
2.842,0.3
2.844,0.3
2.846,0.3
2.848,0.3
2.85,0.3
2.852,0.3
2.854,0.3
2.856,0.3
2.858,0.3
2.86,0.3
2.862,0.3
2.864,0.3
2.866,0.3
2.868,0.3
2.87,0.3
2.872,0.3
2.874,0.3
2.876,0.3
2.878,0.3
2.88,0.3
2.882,0.3
2.884,0.3
2.886,0.3
2.888,0.3
2.89,0.3
2.892,0.3
2.894,0.3
2.896,0.3
2.898,0.3
2.9,0.3
2.902,0.3
2.904,0.3
2.906,0.3
2.908,0.3
2.91,0.3
2.912,0.3
2.914,0.3
2.916,0.3
2.918,0.3
2.92,0.3
2.922,0.3
2.924,0.3
2.926,0.3
2.928,0.3
2.93,0.3
2.932,0.3
2.934,0.3
2.936,0.3
2.938,0.3
2.94,0.3
2.942,0.3
2.944,0.3
2.946,0.3
2.948,0.3
2.95,0.3
2.952,0.3
2.954,0.3
2.956,0.3
2.958,0.3
2.96,0.3
2.962,0.3
2.964,0.3
2.966,0.3
2.968,0.3
2.97,0.3
2.972,0.3
2.974,0.3
2.976,0.3
2.978,0.3
2.98,0.3
2.982,0.3
2.984,0.3
2.986,0.3
2.988,0.3
2.99,0.3
2.992,0.3
2.994,0.3
2.996,0.3
2.998,0.3
3,0.3
3,0.3
3,0.3
3.0007,0.30386
3.0015,0.3077
3.0022,0.31153
3.003,0.31535
3.0037,0.31915
3.0044,0.32294
3.0052,0.32672
3.0059,0.33049
3.0067,0.33424
3.0074,0.33798
3.0082,0.3417
3.0089,0.34541
3.0096,0.34911
3.0104,0.3528
3.0111,0.35647
3.0119,0.36013
3.0126,0.36378
3.0133,0.36741
3.0141,0.37103
3.0148,0.37464
3.0156,0.37824
3.0163,0.38182
3.017,0.38539
3.0178,0.38895
3.0185,0.3925
3.0193,0.39603
3.02,0.39955
3.0208,0.40306
3.0215,0.40656
3.0222,0.41004
3.023,0.41351
3.0237,0.41697
3.0245,0.42042
3.0252,0.42385
3.0259,0.42728
3.0267,0.43069
3.0274,0.43409
3.0282,0.43748
3.0289,0.44085
3.0297,0.44422
3.0304,0.44757
3.0311,0.45091
3.0319,0.45424
3.0326,0.45755
3.0334,0.46086
3.0341,0.46415
3.0348,0.46744
3.0356,0.47071
3.0363,0.47397
3.0371,0.47721
3.0378,0.48045
3.0385,0.48367
3.0393,0.48689
3.04,0.49009
3.0408,0.49328
3.0415,0.49646
3.0423,0.49963
3.043,0.50279
3.0437,0.50593
3.0445,0.50907
3.0452,0.51219
3.046,0.51531
3.0467,0.51841
3.0474,0.5215
3.0482,0.52458
3.0489,0.52765
3.0497,0.53071
3.0504,0.53376
3.0511,0.5368
3.0519,0.53983
3.0526,0.54284
3.0534,0.54585
3.0541,0.54884
3.0549,0.55183
3.0556,0.5548
3.0563,0.55777
3.0571,0.56072
3.0578,0.56366
3.0586,0.5666
3.0593,0.56952
3.06,0.57243
3.0608,0.57533
3.0615,0.57823
3.0623,0.58111
3.063,0.58398
3.0638,0.58684
3.0645,0.58969
3.0652,0.59254
3.066,0.59537
3.0667,0.59819
3.0675,0.601
3.0682,0.6038
3.0689,0.6066
3.0697,0.60938
3.0704,0.61215
3.0712,0.61491
3.0719,0.61767
3.0726,0.62041
3.0734,0.62314
3.0741,0.62587
3.0749,0.62854
3.0756,0.63119
3.0763,0.63384
3.077,0.63648
3.0778,0.63911
3.0785,0.64173
3.0792,0.64434
3.08,0.64694
3.0807,0.64954
3.0814,0.65212
3.0821,0.6547
3.0829,0.65726
3.0836,0.65982
3.0843,0.66237
3.085,0.66491
3.0858,0.66744
3.0865,0.66997
3.0872,0.67248
3.088,0.67499
3.0887,0.67748
3.0894,0.67997
3.0901,0.68245
3.0909,0.68492
3.0916,0.68739
3.0923,0.68984
3.0931,0.69229
3.0938,0.69473
3.0945,0.69715
3.0952,0.69958
3.096,0.70199
3.0967,0.70439
3.0974,0.70679
3.0982,0.70918
3.0989,0.71155
3.0996,0.71393
3.1003,0.71629
3.1011,0.71864
3.1018,0.72099
3.1025,0.72333
3.1032,0.72566
3.104,0.72798
3.1047,0.7303
3.1054,0.7326
3.1062,0.7349
3.1069,0.73719
3.1076,0.73947
3.1083,0.74175
3.1091,0.74402
3.1098,0.74628
3.1105,0.74853
3.1113,0.75077
3.112,0.75301
3.1127,0.75524
3.1134,0.75746
3.1142,0.75967
3.1149,0.76187
3.1156,0.76407
3.1164,0.76626
3.1171,0.76845
3.1178,0.77062
3.1185,0.77279
3.1193,0.77495
3.12,0.7771
3.1207,0.77925
3.1214,0.78138
3.1222,0.78351
3.1229,0.78564
3.1236,0.78775
3.1244,0.78986
3.1251,0.79196
3.1258,0.79406
3.1265,0.79614
3.1273,0.79822
3.128,0.8003
3.1287,0.80236
3.1295,0.80442
3.1302,0.80647
3.1309,0.80851
3.1316,0.81055
3.1324,0.81258
3.1331,0.81461
3.1338,0.81662
3.1346,0.81863
3.1353,0.82063
3.136,0.82263
3.1367,0.82462
3.1375,0.8266
3.1382,0.82857
3.1389,0.83054
3.1396,0.8325
3.1404,0.83446
3.1411,0.8364
3.1418,0.83835
3.1426,0.84028
3.1433,0.84221
3.144,0.84413
3.1447,0.84604
3.1455,0.84795
3.1462,0.84985
3.1469,0.85175
3.1478,0.8541
3.1487,0.85645
3.1497,0.85878
3.1506,0.8611
3.1515,0.86342
3.1524,0.86572
3.1533,0.86802
3.1542,0.8703
3.1551,0.87258
3.156,0.87484
3.1569,0.8771
3.1578,0.87934
3.1587,0.88158
3.1596,0.88381
3.1605,0.88602
3.1615,0.88823
3.1624,0.89043
3.1633,0.89262
3.1642,0.8948
3.1651,0.89697
3.166,0.89913
3.1669,0.90128
3.1678,0.90342
3.1687,0.90555
3.1696,0.90768
3.1705,0.90979
3.1714,0.9119
3.1724,0.91399
3.1733,0.91608
3.1742,0.91816
3.1751,0.92023
3.176,0.92229
3.1769,0.92434
3.1778,0.92638
3.1787,0.92842
3.1796,0.93044
3.1805,0.93246
3.1814,0.93447
3.1823,0.93646
3.1832,0.93846
3.1842,0.94044
3.1851,0.94241
3.186,0.94438
3.1869,0.94633
3.1878,0.94828
3.1887,0.95022
3.1896,0.95215
3.1905,0.95408
3.1914,0.95599
3.1923,0.9579
3.1932,0.9598
3.1941,0.96169
3.1951,0.96357
3.196,0.96544
3.1969,0.96731
3.1978,0.96917
3.1987,0.97102
3.1996,0.97286
3.2005,0.97469
3.2014,0.97652
3.2023,0.97834
3.2032,0.98015
3.2041,0.98195
3.205,0.98375
3.206,0.98553
3.2069,0.98731
3.2078,0.98909
3.2087,0.99085
3.2096,0.99261
3.2105,0.99436
3.2114,0.9961
3.2123,0.99783
3.2132,0.99956
3.2141,1.0013
3.215,1.003
3.2159,1.0047
3.2168,1.0064
3.2178,1.0081
3.2187,1.0098
3.2196,1.0114
3.2205,1.0131
3.2214,1.0148
3.2223,1.0164
3.2232,1.0181
3.2241,1.0197
3.225,1.0213
3.2259,1.023
3.2268,1.0246
3.2277,1.0262
3.2287,1.0278
3.2296,1.0294
3.2305,1.031
3.2314,1.0326
3.2323,1.0342
3.2332,1.0357
3.2341,1.0373
3.235,1.0389
3.2359,1.0404
3.2368,1.0419
3.2377,1.0435
3.2388,1.0453
3.2399,1.0471
3.2409,1.0488
3.242,1.0506
3.2431,1.0524
3.2441,1.0541
3.2452,1.0559
3.2463,1.0576
3.2473,1.0593
3.2484,1.0611
3.2495,1.0628
3.2505,1.0645
3.2516,1.0662
3.2527,1.0678
3.2537,1.0695
3.2548,1.0712
3.2559,1.0728
3.2569,1.0745
3.258,1.0761
3.2591,1.0778
3.2601,1.0794
3.2612,1.081
3.2623,1.0826
3.2633,1.0842
3.2644,1.0858
3.2655,1.0874
3.2665,1.089
3.2676,1.0905
3.2687,1.0921
3.2697,1.0936
3.2708,1.0952
3.2719,1.0967
3.2729,1.0983
3.274,1.0998
3.2751,1.1013
3.2761,1.1028
3.2772,1.1043
3.2783,1.1058
3.2793,1.1073
3.2804,1.1087
3.2815,1.1102
3.2825,1.1117
3.2836,1.1131
3.2847,1.1146
3.2857,1.116
3.2868,1.1174
3.2878,1.1189
3.2889,1.1203
3.29,1.1217
3.291,1.1231
3.2921,1.1245
3.2932,1.1259
3.2942,1.1273
3.2953,1.1286
3.2964,1.13
3.2974,1.1314
3.2985,1.1327
3.2996,1.1341
3.3006,1.1354
3.3017,1.1367
3.3028,1.1381
3.3038,1.1394
3.3049,1.1407
3.306,1.142
3.307,1.1433
3.3081,1.1446
3.3092,1.1459
3.3102,1.1472
3.3113,1.1484
3.3124,1.1497
3.3134,1.151
3.3145,1.1522
3.3156,1.1535
3.3166,1.1547
3.3177,1.156
3.3188,1.1572
3.3198,1.1584
3.3209,1.1596
3.322,1.1608
3.323,1.162
3.3241,1.1632
3.3252,1.1644
3.3262,1.1656
3.3273,1.1668
3.3284,1.168
3.3294,1.1692
3.3305,1.1703
3.3316,1.1715
3.3326,1.1726
3.3337,1.1738
3.3348,1.1749
3.3358,1.176
3.3369,1.1772
3.338,1.1783
3.339,1.1794
3.3401,1.1805
3.3412,1.1816
3.3422,1.1827
3.3433,1.1838
3.3444,1.1849
3.3456,1.1862
3.3469,1.1875
3.3482,1.1888
3.3495,1.19
3.3507,1.1913
3.352,1.1926
3.3533,1.1938
3.3545,1.195
3.3558,1.1963
3.3571,1.1975
3.3584,1.1987
3.3596,1.1999
3.3609,1.2011
3.3622,1.2023
3.3634,1.2035
3.3647,1.2047
3.366,1.2059
3.3673,1.207
3.3685,1.2082
3.3698,1.2093
3.3711,1.2105
3.3723,1.2116
3.3736,1.2128
3.3749,1.2139
3.3762,1.215
3.3774,1.2161
3.3787,1.2172
3.38,1.2183
3.3812,1.2194
3.3825,1.2205
3.3838,1.2216
3.3851,1.2226
3.3863,1.2237
3.3876,1.2248
3.3889,1.2258
3.3901,1.2269
3.3914,1.2279
3.3927,1.2289
3.394,1.23
3.3952,1.231
3.3965,1.232
3.3978,1.233
3.399,1.234
3.4003,1.235
3.4016,1.236
3.4029,1.237
3.4041,1.238
3.4054,1.239
3.4067,1.2399
3.4079,1.2409
3.4092,1.2418
3.4105,1.2428
3.4118,1.2437
3.413,1.2447
3.4143,1.2456
3.4156,1.2465
3.4168,1.2475
3.4181,1.2484
3.4194,1.2493
3.4207,1.2502
3.4219,1.2511
3.4232,1.252
3.4245,1.2529
3.4257,1.2538
3.427,1.2546
3.4283,1.2555
3.4296,1.2564
3.4308,1.2572
3.4321,1.2581
3.4334,1.2589
3.4346,1.2598
3.4359,1.2606
3.4372,1.2615
3.4385,1.2623
3.4397,1.2631
3.441,1.2639
3.4423,1.2648
3.4435,1.2656
3.4448,1.2664
3.4461,1.2672
3.4474,1.268
3.4486,1.2688
3.4499,1.2696
3.4512,1.2703
3.4524,1.2711
3.4537,1.2719
3.455,1.2727
3.4563,1.2734
3.4575,1.2742
3.4588,1.2749
3.4601,1.2757
3.4613,1.2764
3.4626,1.2772
3.4639,1.2779
3.4652,1.2787
3.4664,1.2794
3.4677,1.2801
3.469,1.2808
3.4702,1.2815
3.4715,1.2823
3.4731,1.2831
3.4746,1.284
3.4761,1.2848
3.4777,1.2857
3.4792,1.2865
3.4808,1.2873
3.4823,1.2881
3.4839,1.289
3.4854,1.2898
3.4869,1.2906
3.4885,1.2914
3.49,1.2922
3.4916,1.2929
3.4931,1.2937
3.4947,1.2945
3.4962,1.2953
3.4978,1.296
3.4993,1.2968
3.5008,1.2976
3.5024,1.2983
3.5039,1.299
3.5055,1.2998
3.507,1.3005
3.5086,1.3012
3.5101,1.302
3.5116,1.3027
3.5132,1.3034
3.5147,1.3041
3.5163,1.3048
3.5178,1.3055
3.5194,1.3062
3.5209,1.3069
3.5225,1.3075
3.524,1.3082
3.5255,1.3089
3.5271,1.3095
3.5286,1.3102
3.5302,1.3109
3.5317,1.3115
3.5333,1.3122
3.5348,1.3128
3.5363,1.3134
3.5379,1.3141
3.5394,1.3147
3.541,1.3153
3.5425,1.3159
3.5441,1.3165
3.5456,1.3172
3.5472,1.3178
3.5487,1.3184
3.5502,1.3189
3.5518,1.3195
3.5533,1.3201
3.5549,1.3207
3.5564,1.3213
3.558,1.3219
3.5595,1.3224
3.561,1.323
3.5626,1.3236
3.5641,1.3241
3.5657,1.3247
3.5672,1.3252
3.5688,1.3258
3.5703,1.3263
3.5719,1.3268
3.5734,1.3274
3.5749,1.3279
3.5765,1.3284
3.578,1.3289
3.5796,1.3295
3.5811,1.33
3.5827,1.3305
3.5842,1.331
3.5857,1.3315
3.5873,1.332
3.5888,1.3325
3.5904,1.333
3.5919,1.3335
3.5935,1.3339
3.595,1.3344
3.5966,1.3349
3.5981,1.3354
3.5996,1.3358
3.6012,1.3363
3.6027,1.3368
3.6043,1.3372
3.6058,1.3377
3.6074,1.3382
3.6089,1.3386
3.6104,1.339
3.612,1.3395
3.6135,1.3399
3.6151,1.3404
3.6166,1.3408
3.6182,1.3412
3.6197,1.3417
3.6213,1.3421
3.6228,1.3425
3.6243,1.3429
3.6259,1.3433
3.6278,1.3439
3.6297,1.3444
3.6317,1.3449
3.6336,1.3454
3.6355,1.3459
3.6375,1.3464
3.6394,1.3469
3.6413,1.3474
3.6433,1.3478
3.6452,1.3483
3.6471,1.3488
3.6491,1.3493
3.651,1.3497
3.6529,1.3502
3.6549,1.3506
3.6568,1.3511
3.6587,1.3515
3.6607,1.352
3.6626,1.3524
3.6645,1.3528
3.6665,1.3533
3.6684,1.3537
3.6703,1.3541
3.6723,1.3545
3.6742,1.355
3.6761,1.3554
3.6781,1.3558
3.68,1.3562
3.6819,1.3566
3.6839,1.357
3.6858,1.3574
3.6877,1.3578
3.6897,1.3582
3.6916,1.3585
3.6935,1.3589
3.6955,1.3593
3.6974,1.3597
3.6993,1.36
3.7013,1.3604
3.7032,1.3608
3.7051,1.3611
3.7071,1.3615
3.709,1.3618
3.7109,1.3622
3.7129,1.3625
3.7148,1.3629
3.7167,1.3632
3.7187,1.3635
3.7206,1.3639
3.7225,1.3642
3.7244,1.3645
3.7264,1.3648
3.7283,1.3652
3.7302,1.3655
3.7322,1.3658
3.7341,1.3661
3.736,1.3664
3.738,1.3667
3.7399,1.367
3.7418,1.3673
3.7438,1.3676
3.7457,1.3679
3.7476,1.3682
3.7496,1.3685
3.7515,1.3688
3.7534,1.3691
3.7554,1.3694
3.7573,1.3696
3.7592,1.3699
3.7612,1.3702
3.7631,1.3704
3.765,1.3707
3.767,1.371
3.7689,1.3712
3.7708,1.3715
3.7728,1.3718
3.7747,1.372
3.7766,1.3723
3.7786,1.3725
3.7805,1.3728
3.7824,1.373
3.7844,1.3733
3.7863,1.3735
3.7882,1.3737
3.7902,1.374
3.7921,1.3742
3.794,1.3745
3.796,1.3747
3.7979,1.3749
3.7998,1.3751
3.8018,1.3754
3.8037,1.3756
3.8056,1.3758
3.8076,1.376
3.8095,1.3763
3.8114,1.3765
3.8134,1.3767
3.8153,1.3769
3.8172,1.3771
3.8192,1.3773
3.8212,1.3775
3.8232,1.3777
3.8252,1.378
3.8272,1.3782
3.8292,1.3784
3.8312,1.3786
3.8332,1.3788
3.8352,1.379
3.8372,1.3792
3.8392,1.3794
3.8412,1.3796
3.8432,1.3798
3.8452,1.38
3.8472,1.3801
3.8492,1.3803
3.8512,1.3805
3.8532,1.3807
3.8552,1.3809
3.8572,1.3811
3.8592,1.3812
3.8612,1.3814
3.8632,1.3816
3.8652,1.3818
3.8672,1.3819
3.8692,1.3821
3.8712,1.3823
3.8732,1.3825
3.8752,1.3826
3.8772,1.3828
3.8792,1.3829
3.8812,1.3831
3.8832,1.3833
3.8852,1.3834
3.8872,1.3836
3.8892,1.3837
3.8912,1.3839
3.8932,1.384
3.8952,1.3842
3.8972,1.3843
3.8992,1.3845
3.9012,1.3846
3.9032,1.3848
3.9052,1.3849
3.9072,1.3851
3.9092,1.3852
3.9112,1.3854
3.9132,1.3855
3.9152,1.3856
3.9172,1.3858
3.9192,1.3859
3.9212,1.386
3.9232,1.3862
3.9252,1.3863
3.9272,1.3864
3.9292,1.3865
3.9312,1.3867
3.9332,1.3868
3.9352,1.3869
3.9372,1.387
3.9392,1.3872
3.9412,1.3873
3.9432,1.3874
3.9452,1.3875
3.9472,1.3876
3.9492,1.3878
3.9512,1.3879
3.9532,1.388
3.9552,1.3881
3.9572,1.3882
3.9592,1.3883
3.9612,1.3884
3.9632,1.3885
3.9652,1.3887
3.9672,1.3888
3.9692,1.3889
3.9712,1.389
3.9732,1.3891
3.9752,1.3892
3.9772,1.3893
3.9792,1.3894
3.9812,1.3895
3.9832,1.3896
3.9852,1.3897
3.9872,1.3898
3.9892,1.3899
3.9912,1.39
3.9932,1.3901
3.9952,1.3901
3.9972,1.3902
3.9992,1.3903
4.0012,1.3904
4.0032,1.3905
4.0052,1.3906
4.0072,1.3907
4.0092,1.3908
4.0112,1.3909
4.0132,1.3909
4.0152,1.391
4.0172,1.3911
4.0192,1.3912
4.0212,1.3913
4.0232,1.3914
4.0252,1.3914
4.0272,1.3915
4.0292,1.3916
4.0312,1.3917
4.0332,1.3918
4.0352,1.3918
4.0372,1.3919
4.0392,1.392
4.0412,1.3921
4.0432,1.3921
4.0452,1.3922
4.0472,1.3923
4.0492,1.3924
4.0512,1.3924
4.0532,1.3925
4.0552,1.3926
4.0572,1.3927
4.0592,1.3927
4.0612,1.3928
4.0632,1.3929
4.0652,1.3929
4.0672,1.393
4.0692,1.3931
4.0712,1.3931
4.0732,1.3932
4.0752,1.3933
4.0772,1.3933
4.0792,1.3934
4.0812,1.3934
4.0832,1.3935
4.0852,1.3936
4.0872,1.3936
4.0892,1.3937
4.0912,1.3938
4.0932,1.3938
4.0952,1.3939
4.0972,1.3939
4.0992,1.394
4.1012,1.394
4.1032,1.3941
4.1052,1.3942
4.1072,1.3942
4.1092,1.3943
4.1112,1.3943
4.1132,1.3944
4.1152,1.3944
4.1172,1.3945
4.1192,1.3945
4.1212,1.3946
4.1232,1.3946
4.1252,1.3947
4.1272,1.3947
4.1292,1.3948
4.1312,1.3948
4.1332,1.3949
4.1352,1.3949
4.1372,1.395
4.1392,1.395
4.1412,1.3951
4.1432,1.3951
4.1452,1.3952
4.1472,1.3952
4.1492,1.3953
4.1512,1.3953
4.1532,1.3953
4.1552,1.3954
4.1572,1.3954
4.1592,1.3955
4.1612,1.3955
4.1632,1.3956
4.1652,1.3956
4.1672,1.3956
4.1692,1.3957
4.1712,1.3957
4.1732,1.3958
4.1752,1.3958
4.1772,1.3958
4.1792,1.3959
4.1812,1.3959
4.1832,1.396
4.1852,1.396
4.1872,1.396
4.1892,1.3961
4.1912,1.3961
4.1932,1.3961
4.1952,1.3962
4.1972,1.3962
4.1992,1.3962
4.2012,1.3963
4.2032,1.3963
4.2052,1.3964
4.2072,1.3964
4.2092,1.3964
4.2112,1.3965
4.2132,1.3965
4.2152,1.3965
4.2172,1.3966
4.2192,1.3966
4.2212,1.3966
4.2232,1.3967
4.2252,1.3967
4.2272,1.3967
4.2292,1.3967
4.2312,1.3968
4.2332,1.3968
4.2352,1.3968
4.2372,1.3969
4.2392,1.3969
4.2412,1.3969
4.2432,1.397
4.2452,1.397
4.2472,1.397
4.2492,1.397
4.2512,1.3971
4.2532,1.3971
4.2552,1.3971
4.2572,1.3972
4.2592,1.3972
4.2612,1.3972
4.2632,1.3972
4.2652,1.3973
4.2672,1.3973
4.2692,1.3973
4.2712,1.3973
4.2732,1.3974
4.2752,1.3974
4.2772,1.3974
4.2792,1.3974
4.2812,1.3975
4.2832,1.3975
4.2852,1.3975
4.2872,1.3975
4.2892,1.3976
4.2912,1.3976
4.2932,1.3976
4.2952,1.3976
4.2972,1.3976
4.2992,1.3977
4.3012,1.3977
4.3032,1.3977
4.3052,1.3977
4.3072,1.3978
4.3092,1.3978
4.3112,1.3978
4.3132,1.3978
4.3152,1.3978
4.3172,1.3979
4.3192,1.3979
4.3212,1.3979
4.3232,1.3979
4.3252,1.3979
4.3272,1.398
4.3292,1.398
4.3312,1.398
4.3332,1.398
4.3352,1.398
4.3372,1.3981
4.3392,1.3981
4.3412,1.3981
4.3432,1.3981
4.3452,1.3981
4.3472,1.3981
4.3492,1.3982
4.3512,1.3982
4.3532,1.3982
4.3552,1.3982
4.3572,1.3982
4.3592,1.3982
4.3612,1.3983
4.3632,1.3983
4.3652,1.3983
4.3672,1.3983
4.3692,1.3983
4.3712,1.3983
4.3732,1.3984
4.3752,1.3984
4.3772,1.3984
4.3792,1.3984
4.3812,1.3984
4.3832,1.3984
4.3852,1.3984
4.3872,1.3985
4.3892,1.3985
4.3912,1.3985
4.3932,1.3985
4.3952,1.3985
4.3972,1.3985
4.3992,1.3985
4.4012,1.3986
4.4032,1.3986
4.4052,1.3986
4.4072,1.3986
4.4092,1.3986
4.4112,1.3986
4.4132,1.3986
4.4152,1.3987
4.4172,1.3987
4.4192,1.3987
4.4212,1.3987
4.4232,1.3987
4.4252,1.3987
4.4272,1.3987
4.4292,1.3987
4.4312,1.3987
4.4332,1.3988
4.4352,1.3988
4.4372,1.3988
4.4392,1.3988
4.4412,1.3988
4.4432,1.3988
4.4452,1.3988
4.4472,1.3988
4.4492,1.3989
4.4512,1.3989
4.4532,1.3989
4.4552,1.3989
4.4572,1.3989
4.4592,1.3989
4.4612,1.3989
4.4632,1.3989
4.4652,1.3989
4.4672,1.3989
4.4692,1.399
4.4712,1.399
4.4732,1.399
4.4752,1.399
4.4772,1.399
4.4792,1.399
4.4812,1.399
4.4832,1.399
4.4852,1.399
4.4872,1.399
4.4892,1.3991
4.4912,1.3991
4.4932,1.3991
4.4952,1.3991
4.4972,1.3991
4.4992,1.3991
4.5012,1.3991
4.5032,1.3991
4.5052,1.3991
4.5072,1.3991
4.5092,1.3991
4.5112,1.3991
4.5132,1.3992
4.5152,1.3992
4.5172,1.3992
4.5192,1.3992
4.5212,1.3992
4.5232,1.3992
4.5252,1.3992
4.5272,1.3992
4.5292,1.3992
4.5312,1.3992
4.5332,1.3992
4.5352,1.3992
4.5372,1.3992
4.5392,1.3993
4.5412,1.3993
4.5432,1.3993
4.5452,1.3993
4.5472,1.3993
4.5492,1.3993
4.5512,1.3993
4.5532,1.3993
4.5552,1.3993
4.5572,1.3993
4.5592,1.3993
4.5612,1.3993
4.5632,1.3993
4.5652,1.3993
4.5672,1.3993
4.5692,1.3994
4.5712,1.3994
4.5732,1.3994
4.5752,1.3994
4.5772,1.3994
4.5792,1.3994
4.5812,1.3994
4.5832,1.3994
4.5852,1.3994
4.5872,1.3994
4.5892,1.3994
4.5912,1.3994
4.5932,1.3994
4.5952,1.3994
4.5972,1.3994
4.5992,1.3994
4.6012,1.3994
4.6032,1.3994
4.6052,1.3995
4.6072,1.3995
4.6092,1.3995
4.6112,1.3995
4.6132,1.3995
4.6152,1.3995
4.6172,1.3995
4.6192,1.3995
4.6212,1.3995
4.6232,1.3995
4.6252,1.3995
4.6272,1.3995
4.6292,1.3995
4.6312,1.3995
4.6332,1.3995
4.6352,1.3995
4.6372,1.3995
4.6392,1.3995
4.6412,1.3995
4.6432,1.3995
4.6452,1.3995
4.6472,1.3996
4.6492,1.3996
4.6512,1.3996
4.6532,1.3996
4.6552,1.3996
4.6572,1.3996
4.6592,1.3996
4.6612,1.3996
4.6632,1.3996
4.6652,1.3996
4.6672,1.3996
4.6692,1.3996
4.6712,1.3996
4.6732,1.3996
4.6752,1.3996
4.6772,1.3996
4.6792,1.3996
4.6812,1.3996
4.6832,1.3996
4.6852,1.3996
4.6872,1.3996
4.6892,1.3996
4.6912,1.3996
4.6932,1.3996
4.6952,1.3996
4.6972,1.3996
4.6992,1.3996
4.7012,1.3997
4.7032,1.3997
4.7052,1.3997
4.7072,1.3997
4.7092,1.3997
4.7112,1.3997
4.7132,1.3997
4.7152,1.3997
4.7172,1.3997
4.7192,1.3997
4.7212,1.3997
4.7232,1.3997
4.7252,1.3997
4.7272,1.3997
4.7292,1.3997
4.7312,1.3997
4.7332,1.3997
4.7352,1.3997
4.7372,1.3997
4.7392,1.3997
4.7412,1.3997
4.7432,1.3997
4.7452,1.3997
4.7472,1.3997
4.7492,1.3997
4.7512,1.3997
4.7532,1.3997
4.7552,1.3997
4.7572,1.3997
4.7592,1.3997
4.7612,1.3997
4.7632,1.3997
4.7652,1.3997
4.7672,1.3997
4.7692,1.3997
4.7712,1.3998
4.7732,1.3998
4.7752,1.3998
4.7772,1.3998
4.7792,1.3998
4.7812,1.3998
4.7832,1.3998
4.7852,1.3998
4.7872,1.3998
4.7892,1.3998
4.7912,1.3998
4.7932,1.3998
4.7952,1.3998
4.7972,1.3998
4.7992,1.3998
4.8012,1.3998
4.8032,1.3998
4.8052,1.3998
4.8072,1.3998
4.8092,1.3998
4.8112,1.3998
4.8132,1.3998
4.8152,1.3998
4.8172,1.3998
4.8192,1.3998
4.8212,1.3998
4.8232,1.3998
4.8252,1.3998
4.8272,1.3998
4.8292,1.3998
4.8312,1.3998
4.8332,1.3998
4.8352,1.3998
4.8372,1.3998
4.8392,1.3998
4.8412,1.3998
4.8432,1.3998
4.8452,1.3998
4.8472,1.3998
4.8492,1.3998
4.8512,1.3998
4.8532,1.3998
4.8552,1.3998
4.8572,1.3998
4.8592,1.3998
4.8612,1.3998
4.8632,1.3998
4.8652,1.3998
4.8672,1.3998
4.8692,1.3998
4.8712,1.3998
4.8732,1.3998
4.8752,1.3998
4.8772,1.3998
4.8792,1.3999
4.8812,1.3999
4.8832,1.3999
4.8852,1.3999
4.8872,1.3999
4.8892,1.3999
4.8912,1.3999
4.8932,1.3999
4.8952,1.3999
4.8972,1.3999
4.8992,1.3999
4.9012,1.3999
4.9032,1.3999
4.9052,1.3999
4.9072,1.3999
4.9092,1.3999
4.9112,1.3999
4.9132,1.3999
4.9152,1.3999
4.9172,1.3999
4.9192,1.3999
4.9212,1.3999
4.9232,1.3999
4.9252,1.3999
4.9272,1.3999
4.9292,1.3999
4.9312,1.3999
4.9332,1.3999
4.9352,1.3999
4.9372,1.3999
4.9392,1.3999
4.9412,1.3999
4.9432,1.3999
4.9452,1.3999
4.9472,1.3999
4.9492,1.3999
4.9512,1.3999
4.9532,1.3999
4.9552,1.3999
4.9572,1.3999
4.9592,1.3999
4.9612,1.3999
4.9632,1.3999
4.9652,1.3999
4.9672,1.3999
4.9692,1.3999
4.9712,1.3999
4.9732,1.3999
4.9752,1.3999
4.9772,1.3999
4.9792,1.3999
4.9812,1.3999
4.9832,1.3999
4.9852,1.3999
4.9872,1.3999
4.9892,1.3999
4.9912,1.3999
4.9932,1.3999
4.9952,1.3999
4.9972,1.3999
4.9992,1.3999
5.0012,1.3999
5.0032,1.3999
5.0052,1.3999
5.0072,1.3999
5.0092,1.3999
5.0112,1.3999
5.0132,1.3999
5.0152,1.3999
5.0172,1.3999
5.0192,1.3999
5.0212,1.3999
5.0232,1.3999
5.0252,1.3999
5.0272,1.3999
5.0292,1.3999
5.0312,1.3999
5.0332,1.3999
5.0352,1.3999
5.0372,1.3999
5.0392,1.3999
5.0412,1.3999
5.0432,1.3999
5.0452,1.3999
5.0472,1.3999
5.0492,1.3999
5.0512,1.3999
5.0532,1.3999
5.0552,1.3999
5.0572,1.3999
5.0592,1.3999
5.0612,1.3999
5.0632,1.3999
5.0652,1.3999
5.0672,1.3999
5.0692,1.3999
5.0712,1.3999
5.0732,1.3999
5.0752,1.3999
5.0772,1.3999
5.0792,1.3999
5.0812,1.3999
5.0832,1.3999
5.0852,1.3999
5.0872,1.3999
5.0892,1.3999
5.0912,1.3999
5.0932,1.3999
5.0952,1.3999
5.0972,1.3999
5.0992,1.3999
5.1012,1.3999
5.1032,1.3999
5.1052,1.3999
5.1072,1.3999
5.1092,1.3999
5.1112,1.4
5.1132,1.4
5.1152,1.4
5.1172,1.4
5.1192,1.4
5.1212,1.4
5.1232,1.4
5.1252,1.4
5.1272,1.4
5.1292,1.4
5.1312,1.4
5.1332,1.4
5.1352,1.4
5.1372,1.4
5.1392,1.4
5.1412,1.4
5.1432,1.4
5.1452,1.4
5.1472,1.4
5.1492,1.4
5.1512,1.4
5.1532,1.4
5.1552,1.4
5.1572,1.4
5.1592,1.4
5.1612,1.4
5.1632,1.4
5.1652,1.4
5.1672,1.4
5.1692,1.4
5.1712,1.4
5.1732,1.4
5.1752,1.4
5.1772,1.4
5.1792,1.4
5.1812,1.4
5.1832,1.4
5.1852,1.4
5.1872,1.4
5.1892,1.4
5.1912,1.4
5.1932,1.4
5.1952,1.4
5.1972,1.4
5.1992,1.4
5.2012,1.4
5.2032,1.4
5.2052,1.4
5.2072,1.4
5.2092,1.4
5.2112,1.4
5.2132,1.4
5.2152,1.4
5.2172,1.4
5.2192,1.4
5.2212,1.4
5.2232,1.4
5.2252,1.4
5.2272,1.4
5.2292,1.4
5.2312,1.4
5.2332,1.4
5.2352,1.4
5.2372,1.4
5.2392,1.4
5.2412,1.4
5.2432,1.4
5.2452,1.4
5.2472,1.4
5.2492,1.4
5.2512,1.4
5.2532,1.4
5.2552,1.4
5.2572,1.4
5.2592,1.4
5.2612,1.4
5.2632,1.4
5.2652,1.4
5.2672,1.4
5.2692,1.4
5.2712,1.4
5.2732,1.4
5.2752,1.4
5.2772,1.4
5.2792,1.4
5.2812,1.4
5.2832,1.4
5.2852,1.4
5.2872,1.4
5.2892,1.4
5.2912,1.4
5.2932,1.4
5.2952,1.4
5.2972,1.4
5.2992,1.4
5.3012,1.4
5.3032,1.4
5.3052,1.4
5.3072,1.4
5.3092,1.4
5.3112,1.4
5.3132,1.4
5.3152,1.4
5.3172,1.4
5.3192,1.4
5.3212,1.4
5.3232,1.4
5.3252,1.4
5.3272,1.4
5.3292,1.4
5.3312,1.4
5.3332,1.4
5.3352,1.4
5.3372,1.4
5.3392,1.4
5.3412,1.4
5.3432,1.4
5.3452,1.4
5.3472,1.4
5.3492,1.4
5.3512,1.4
5.3532,1.4
5.3552,1.4
5.3572,1.4
5.3592,1.4
5.3612,1.4
5.3632,1.4
5.3652,1.4
5.3672,1.4
5.3692,1.4
5.3712,1.4
5.3732,1.4
5.3752,1.4
5.3772,1.4
5.3792,1.4
5.3812,1.4
5.3832,1.4
5.3852,1.4
5.3872,1.4
5.3892,1.4
5.3912,1.4
5.3932,1.4
5.3952,1.4
5.3972,1.4
5.3992,1.4
5.4012,1.4
5.4032,1.4
5.4052,1.4
5.4072,1.4
5.4092,1.4
5.4112,1.4
5.4132,1.4
5.4152,1.4
5.4172,1.4
5.4192,1.4
5.4212,1.4
5.4232,1.4
5.4252,1.4
5.4272,1.4
5.4292,1.4
5.4312,1.4
5.4332,1.4
5.4352,1.4
5.4372,1.4
5.4392,1.4
5.4412,1.4
5.4432,1.4
5.4452,1.4
5.4472,1.4
5.4492,1.4
5.4512,1.4
5.4532,1.4
5.4552,1.4
5.4572,1.4
5.4592,1.4
5.4612,1.4
5.4632,1.4
5.4652,1.4
5.4672,1.4
5.4692,1.4
5.4712,1.4
5.4732,1.4
5.4752,1.4
5.4772,1.4
5.4792,1.4
5.4812,1.4
5.4832,1.4
5.4852,1.4
5.4872,1.4
5.4892,1.4
5.4912,1.4
5.4932,1.4
5.4952,1.4
5.4972,1.4
5.4992,1.4
5.5012,1.4
5.5032,1.4
5.5052,1.4
5.5072,1.4
5.5092,1.4
5.5112,1.4
5.5132,1.4
5.5152,1.4
5.5172,1.4
5.5192,1.4
5.5212,1.4
5.5232,1.4
5.5252,1.4
5.5272,1.4
5.5292,1.4
5.5312,1.4
5.5332,1.4
5.5352,1.4
5.5372,1.4
5.5392,1.4
5.5412,1.4
5.5432,1.4
5.5452,1.4
5.5472,1.4
5.5492,1.4
5.5512,1.4
5.5532,1.4
5.5552,1.4
5.5572,1.4
5.5592,1.4
5.5612,1.4
5.5632,1.4
5.5652,1.4
5.5672,1.4
5.5692,1.4
5.5712,1.4
5.5732,1.4
5.5752,1.4
5.5772,1.4
5.5792,1.4
5.5812,1.4
5.5832,1.4
5.5852,1.4
5.5872,1.4
5.5892,1.4
5.5912,1.4
5.5932,1.4
5.5952,1.4
5.5972,1.4
5.5992,1.4
5.6012,1.4
5.6032,1.4
5.6052,1.4
5.6072,1.4
5.6092,1.4
5.6112,1.4
5.6132,1.4
5.6152,1.4
5.6172,1.4
5.6192,1.4
5.6212,1.4
5.6232,1.4
5.6252,1.4
5.6272,1.4
5.6292,1.4
5.6312,1.4
5.6332,1.4
5.6352,1.4
5.6372,1.4
5.6392,1.4
5.6412,1.4
5.6432,1.4
5.6452,1.4
5.6472,1.4
5.6492,1.4
5.6512,1.4
5.6532,1.4
5.6552,1.4
5.6572,1.4
5.6592,1.4
5.6612,1.4
5.6632,1.4
5.6652,1.4
5.6672,1.4
5.6692,1.4
5.6712,1.4
5.6732,1.4
5.6752,1.4
5.6772,1.4
5.6792,1.4
5.6812,1.4
5.6832,1.4
5.6852,1.4
5.6872,1.4
5.6892,1.4
5.6912,1.4
5.6932,1.4
5.6952,1.4
5.6972,1.4
5.6992,1.4
5.7012,1.4
5.7032,1.4
5.7052,1.4
5.7072,1.4
5.7092,1.4
5.7112,1.4
5.7132,1.4
5.7152,1.4
5.7172,1.4
5.7192,1.4
5.7212,1.4
5.7232,1.4
5.7252,1.4
5.7272,1.4
5.7292,1.4
5.7312,1.4
5.7332,1.4
5.7352,1.4
5.7372,1.4
5.7392,1.4
5.7412,1.4
5.7432,1.4
5.7452,1.4
5.7472,1.4
5.7492,1.4
5.7512,1.4
5.7532,1.4
5.7552,1.4
5.7572,1.4
5.7592,1.4
5.7612,1.4
5.7632,1.4
5.7652,1.4
5.7672,1.4
5.7692,1.4
5.7712,1.4
5.7732,1.4
5.7752,1.4
5.7772,1.4
5.7792,1.4
5.7812,1.4
5.7832,1.4
5.7852,1.4
5.7872,1.4
5.7892,1.4
5.7912,1.4
5.7932,1.4
5.7952,1.4
5.7972,1.4
5.7992,1.4
5.8012,1.4
5.8032,1.4
5.8052,1.4
5.8072,1.4
5.8092,1.4
5.8112,1.4
5.8132,1.4
5.8152,1.4
5.8172,1.4
5.8192,1.4
5.8212,1.4
5.8232,1.4
5.8252,1.4
5.8272,1.4
5.8292,1.4
5.8312,1.4
5.8332,1.4
5.8352,1.4
5.8372,1.4
5.8392,1.4
5.8412,1.4
5.8432,1.4
5.8452,1.4
5.8472,1.4
5.8492,1.4
5.8512,1.4
5.8532,1.4
5.8552,1.4
5.8572,1.4
5.8592,1.4
5.8612,1.4
5.8632,1.4
5.8652,1.4
5.8672,1.4
5.8692,1.4
5.8712,1.4
5.8732,1.4
5.8752,1.4
5.8772,1.4
5.8792,1.4
5.8812,1.4
5.8832,1.4
5.8852,1.4
5.8872,1.4
5.8892,1.4
5.8912,1.4
5.8932,1.4
5.8952,1.4
5.8972,1.4
5.8992,1.4
5.9012,1.4
5.9032,1.4
5.9052,1.4
5.9072,1.4
5.9092,1.4
5.9112,1.4
5.9132,1.4
5.9152,1.4
5.9172,1.4
5.9192,1.4
5.9212,1.4
5.9232,1.4
5.9252,1.4
5.9272,1.4
5.9292,1.4
5.9312,1.4
5.9332,1.4
5.9352,1.4
5.9372,1.4
5.9392,1.4
5.9412,1.4
5.9432,1.4
5.9452,1.4
5.9472,1.4
5.9492,1.4
5.9512,1.4
5.9532,1.4
5.9552,1.4
5.9572,1.4
5.9592,1.4
5.9612,1.4
5.9632,1.4
5.9652,1.4
5.9672,1.4
5.9692,1.4
5.9712,1.4
5.9732,1.4
5.9752,1.4
5.9772,1.4
5.9792,1.4
5.9812,1.4
5.9832,1.4
5.9852,1.4
5.9872,1.4
5.9892,1.4
5.9912,1.4
5.9932,1.4
5.9952,1.4
5.9972,1.4
5.9992,1.4
6.0012,1.4
6.0032,1.4
6.0052,1.4
6.0072,1.4
6.0092,1.4
6.0112,1.4
6.0132,1.4
6.0152,1.4
6.0172,1.4
6.0192,1.4
6.0212,1.4
6.0232,1.4
6.0252,1.4
6.0272,1.4
6.0292,1.4
6.0312,1.4
6.0332,1.4
6.0352,1.4
6.0372,1.4
6.0392,1.4
6.0412,1.4
6.0432,1.4
6.0452,1.4
6.0472,1.4
6.0492,1.4
6.0512,1.4
6.0532,1.4
6.0552,1.4
6.0572,1.4
6.0592,1.4
6.0612,1.4
6.0632,1.4
6.0652,1.4
6.0672,1.4
6.0692,1.4
6.0712,1.4
6.0732,1.4
6.0752,1.4
6.0772,1.4
6.0792,1.4
6.0812,1.4
6.0832,1.4
6.0852,1.4
6.0872,1.4
6.0892,1.4
6.0912,1.4
6.0932,1.4
6.0952,1.4
6.0972,1.4
6.0992,1.4
6.1012,1.4
6.1032,1.4
6.1052,1.4
6.1072,1.4
6.1092,1.4
6.1112,1.4
6.1132,1.4
6.1152,1.4
6.1172,1.4
6.1192,1.4
6.1212,1.4
6.1232,1.4
6.1252,1.4
6.1272,1.4
6.1292,1.4
6.1312,1.4
6.1332,1.4
6.1352,1.4
6.1372,1.4
6.1392,1.4
6.1412,1.4
6.1432,1.4
6.1452,1.4
6.1472,1.4
6.1492,1.4
6.1512,1.4
6.1532,1.4
6.1552,1.4
6.1572,1.4
6.1592,1.4
6.1612,1.4
6.1632,1.4
6.1652,1.4
6.1672,1.4
6.1692,1.4
6.1712,1.4
6.1732,1.4
6.1752,1.4
6.1772,1.4
6.1792,1.4
6.1812,1.4
6.1832,1.4
6.1852,1.4
6.1872,1.4
6.1892,1.4
6.1912,1.4
6.1932,1.4
6.1952,1.4
6.1972,1.4
6.1992,1.4
6.2012,1.4
6.2032,1.4
6.2052,1.4
6.2072,1.4
6.2092,1.4
6.2112,1.4
6.2132,1.4
6.2152,1.4
6.2172,1.4
6.2192,1.4
6.2212,1.4
6.2232,1.4
6.2252,1.4
6.2272,1.4
6.2292,1.4
6.2312,1.4
6.2332,1.4
6.2352,1.4
6.2372,1.4
6.2392,1.4
6.2412,1.4
6.2432,1.4
6.2452,1.4
6.2472,1.4
6.2492,1.4
6.2512,1.4
6.2532,1.4
6.2552,1.4
6.2572,1.4
6.2592,1.4
6.2612,1.4
6.2632,1.4
6.2652,1.4
6.2672,1.4
6.2692,1.4
6.2712,1.4
6.2732,1.4
6.2752,1.4
6.2772,1.4
6.2792,1.4
6.2812,1.4
6.2832,1.4
6.2852,1.4
6.2872,1.4
6.2892,1.4
6.2912,1.4
6.2932,1.4
6.2952,1.4
6.2972,1.4
6.2992,1.4
6.3012,1.4
6.3032,1.4
6.3052,1.4
6.3072,1.4
6.3092,1.4
6.3112,1.4
6.3132,1.4
6.3152,1.4
6.3172,1.4
6.3192,1.4
6.3212,1.4
6.3232,1.4
6.3252,1.4
6.3272,1.4
6.3292,1.4
6.3312,1.4
6.3332,1.4
6.3352,1.4
6.3372,1.4
6.3392,1.4
6.3412,1.4
6.3432,1.4
6.3452,1.4
6.3472,1.4
6.3492,1.4
6.3512,1.4
6.3532,1.4
6.3552,1.4
6.3572,1.4
6.3592,1.4
6.3612,1.4
6.3632,1.4
6.3652,1.4
6.3672,1.4
6.3692,1.4
6.3712,1.4
6.3732,1.4
6.3752,1.4
6.3772,1.4
6.3792,1.4
6.3812,1.4
6.3832,1.4
6.3852,1.4
6.3872,1.4
6.3892,1.4
6.3912,1.4
6.3932,1.4
6.3952,1.4
6.3972,1.4
6.3992,1.4
6.4012,1.4
6.4032,1.4
6.4052,1.4
6.4072,1.4
6.4092,1.4
6.4112,1.4
6.4132,1.4
6.4152,1.4
6.4172,1.4
6.4192,1.4
6.4212,1.4
6.4232,1.4
6.4252,1.4
6.4272,1.4
6.4292,1.4
6.4312,1.4
6.4332,1.4
6.4352,1.4
6.4372,1.4
6.4392,1.4
6.4412,1.4
6.4432,1.4
6.4452,1.4
6.4472,1.4
6.4492,1.4
6.4512,1.4
6.4532,1.4
6.4552,1.4
6.4572,1.4
6.4592,1.4
6.4612,1.4
6.4632,1.4
6.4652,1.4
6.4672,1.4
6.4692,1.4
6.4712,1.4
6.4732,1.4
6.4752,1.4
6.4772,1.4
6.4792,1.4
6.4812,1.4
6.4832,1.4
6.4852,1.4
6.4872,1.4
6.4892,1.4
6.4912,1.4
6.4932,1.4
6.4952,1.4
6.4972,1.4
6.4992,1.4
6.5012,1.4
6.5032,1.4
6.5052,1.4
6.5072,1.4
6.5092,1.4
6.5112,1.4
6.5132,1.4
6.5152,1.4
6.5172,1.4
6.5192,1.4
6.5212,1.4
6.5232,1.4
6.5252,1.4
6.5272,1.4
6.5292,1.4
6.5312,1.4
6.5332,1.4
6.5352,1.4
6.5372,1.4
6.5392,1.4
6.5412,1.4
6.5432,1.4
6.5452,1.4
6.5472,1.4
6.5492,1.4
6.5512,1.4
6.5532,1.4
6.5552,1.4
6.5572,1.4
6.5592,1.4
6.5612,1.4
6.5632,1.4
6.5652,1.4
6.5672,1.4
6.5692,1.4
6.5712,1.4
6.5732,1.4
6.5752,1.4
6.5772,1.4
6.5792,1.4
6.5812,1.4
6.5832,1.4
6.5852,1.4
6.5872,1.4
6.5892,1.4
6.5912,1.4
6.5932,1.4
6.5952,1.4
6.5972,1.4
6.5992,1.4
6.6012,1.4
6.6032,1.4
6.6052,1.4
6.6072,1.4
6.6092,1.4
6.6112,1.4
6.6132,1.4
6.6152,1.4
6.6172,1.4
6.6192,1.4
6.6212,1.4
6.6232,1.4
6.6252,1.4
6.6272,1.4
6.6292,1.4
6.6312,1.4
6.6332,1.4
6.6352,1.4
6.6372,1.4
6.6392,1.4
6.6412,1.4
6.6432,1.4
6.6452,1.4
6.6472,1.4
6.6492,1.4
6.6512,1.4
6.6532,1.4
6.6552,1.4
6.6572,1.4
6.6592,1.4
6.6612,1.4
6.6632,1.4
6.6652,1.4
6.6672,1.4
6.6692,1.4
6.6712,1.4
6.6732,1.4
6.6752,1.4
6.6772,1.4
6.6792,1.4
6.6812,1.4
6.6832,1.4
6.6852,1.4
6.6872,1.4
6.6892,1.4
6.6912,1.4
6.6932,1.4
6.6952,1.4
6.6972,1.4
6.6992,1.4
6.7012,1.4
6.7032,1.4
6.7052,1.4
6.7072,1.4
6.7092,1.4
6.7112,1.4
6.7132,1.4
6.7152,1.4
6.7172,1.4
6.7192,1.4
6.7212,1.4
6.7232,1.4
6.7252,1.4
6.7272,1.4
6.7292,1.4
6.7312,1.4
6.7332,1.4
6.7352,1.4
6.7372,1.4
6.7392,1.4
6.7412,1.4
6.7432,1.4
6.7452,1.4
6.7472,1.4
6.7492,1.4
6.7512,1.4
6.7532,1.4
6.7552,1.4
6.7572,1.4
6.7592,1.4
6.7612,1.4
6.7632,1.4
6.7652,1.4
6.7672,1.4
6.7692,1.4
6.7712,1.4
6.7732,1.4
6.7752,1.4
6.7772,1.4
6.7792,1.4
6.7812,1.4
6.7832,1.4
6.7852,1.4
6.7872,1.4
6.7892,1.4
6.7912,1.4
6.7932,1.4
6.7952,1.4
6.7972,1.4
6.7992,1.4
6.8012,1.4
6.8032,1.4
6.8052,1.4
6.8072,1.4
6.8092,1.4
6.8112,1.4
6.8132,1.4
6.8152,1.4
6.8172,1.4
6.8192,1.4
6.8212,1.4
6.8232,1.4
6.8252,1.4
6.8272,1.4
6.8292,1.4
6.8312,1.4
6.8332,1.4
6.8352,1.4
6.8372,1.4
6.8392,1.4
6.8412,1.4
6.8432,1.4
6.8452,1.4
6.8472,1.4
6.8492,1.4
6.8512,1.4
6.8532,1.4
6.8552,1.4
6.8572,1.4
6.8592,1.4
6.8612,1.4
6.8632,1.4
6.8652,1.4
6.8672,1.4
6.8692,1.4
6.8712,1.4
6.8732,1.4
6.8752,1.4
6.8772,1.4
6.8792,1.4
6.8812,1.4
6.8832,1.4
6.8852,1.4
6.8872,1.4
6.8892,1.4
6.8912,1.4
6.8932,1.4
6.8952,1.4
6.8972,1.4
6.8992,1.4
6.9012,1.4
6.9032,1.4
6.9052,1.4
6.9072,1.4
6.9092,1.4
6.9112,1.4
6.9132,1.4
6.9152,1.4
6.9172,1.4
6.9192,1.4
6.9212,1.4
6.9232,1.4
6.9252,1.4
6.9272,1.4
6.9292,1.4
6.9312,1.4
6.9332,1.4
6.9352,1.4
6.9372,1.4
6.9392,1.4
6.9412,1.4
6.9432,1.4
6.9452,1.4
6.9472,1.4
6.9492,1.4
6.9512,1.4
6.9532,1.4
6.9552,1.4
6.9572,1.4
6.9592,1.4
6.9612,1.4
6.9632,1.4
6.9652,1.4
6.9672,1.4
6.9692,1.4
6.9712,1.4
6.9732,1.4
6.9752,1.4
6.9772,1.4
6.9792,1.4
6.9812,1.4
6.9832,1.4
6.9852,1.4
6.9872,1.4
6.9892,1.4
6.9912,1.4
6.9932,1.4
6.9952,1.4
6.9972,1.4
6.9992,1.4
7.0012,1.4
7.0032,1.4
7.0052,1.4
7.0072,1.4
7.0092,1.4
7.0112,1.4
7.0132,1.4
7.0152,1.4
7.0172,1.4
7.0192,1.4
7.0212,1.4
7.0232,1.4
7.0252,1.4
7.0272,1.4
7.0292,1.4
7.0312,1.4
7.0332,1.4
7.0352,1.4
7.0372,1.4
7.0392,1.4
7.0412,1.4
7.0432,1.4
7.0452,1.4
7.0472,1.4
7.0492,1.4
7.0512,1.4
7.0532,1.4
7.0552,1.4
7.0572,1.4
7.0592,1.4
7.0612,1.4
7.0632,1.4
7.0652,1.4
7.0672,1.4
7.0692,1.4
7.0712,1.4
7.0732,1.4
7.0752,1.4
7.0772,1.4
7.0792,1.4
7.0812,1.4
7.0832,1.4
7.0852,1.4
7.0872,1.4
7.0892,1.4
7.0912,1.4
7.0932,1.4
7.0952,1.4
7.0972,1.4
7.0992,1.4
7.1012,1.4
7.1032,1.4
7.1052,1.4
7.1072,1.4
7.1092,1.4
7.1112,1.4
7.1132,1.4
7.1152,1.4
7.1172,1.4
7.1192,1.4
7.1212,1.4
7.1232,1.4
7.1252,1.4
7.1272,1.4
7.1292,1.4
7.1312,1.4
7.1332,1.4
7.1352,1.4
7.1372,1.4
7.1392,1.4
7.1412,1.4
7.1432,1.4
7.1452,1.4
7.1472,1.4
7.1492,1.4
7.1512,1.4
7.1532,1.4
7.1552,1.4
7.1572,1.4
7.1592,1.4
7.1612,1.4
7.1632,1.4
7.1652,1.4
7.1672,1.4
7.1692,1.4
7.1712,1.4
7.1732,1.4
7.1752,1.4
7.1772,1.4
7.1792,1.4
7.1812,1.4
7.1832,1.4
7.1852,1.4
7.1872,1.4
7.1892,1.4
7.1912,1.4
7.1932,1.4
7.1952,1.4
7.1972,1.4
7.1992,1.4
7.2012,1.4
7.2032,1.4
7.2052,1.4
7.2072,1.4
7.2092,1.4
7.2112,1.4
7.2132,1.4
7.2152,1.4
7.2172,1.4
7.2192,1.4
7.2212,1.4
7.2232,1.4
7.2252,1.4
7.2272,1.4
7.2292,1.4
7.2312,1.4
7.2332,1.4
7.2352,1.4
7.2372,1.4
7.2392,1.4
7.2412,1.4
7.2432,1.4
7.2452,1.4
7.2472,1.4
7.2492,1.4
7.2512,1.4
7.2532,1.4
7.2552,1.4
7.2572,1.4
7.2592,1.4
7.2612,1.4
7.2632,1.4
7.2652,1.4
7.2672,1.4
7.2692,1.4
7.2712,1.4
7.2732,1.4
7.2752,1.4
7.2772,1.4
7.2792,1.4
7.2812,1.4
7.2832,1.4
7.2852,1.4
7.2872,1.4
7.2892,1.4
7.2912,1.4
7.2932,1.4
7.2952,1.4
7.2972,1.4
7.2992,1.4
7.3012,1.4
7.3032,1.4
7.3052,1.4
7.3072,1.4
7.3092,1.4
7.3112,1.4
7.3132,1.4
7.3152,1.4
7.3172,1.4
7.3192,1.4
7.3212,1.4
7.3232,1.4
7.3252,1.4
7.3272,1.4
7.3292,1.4
7.3312,1.4
7.3332,1.4
7.3352,1.4
7.3372,1.4
7.3392,1.4
7.3412,1.4
7.3432,1.4
7.3452,1.4
7.3472,1.4
7.3492,1.4
7.3512,1.4
7.3532,1.4
7.3552,1.4
7.3572,1.4
7.3592,1.4
7.3612,1.4
7.3632,1.4
7.3652,1.4
7.3672,1.4
7.3692,1.4
7.3712,1.4
7.3732,1.4
7.3752,1.4
7.3772,1.4
7.3792,1.4
7.3812,1.4
7.3832,1.4
7.3852,1.4
7.3872,1.4
7.3892,1.4
7.3912,1.4
7.3932,1.4
7.3952,1.4
7.3972,1.4
7.3992,1.4
7.4012,1.4
7.4032,1.4
7.4052,1.4
7.4072,1.4
7.4092,1.4
7.4112,1.4
7.4132,1.4
7.4152,1.4
7.4172,1.4
7.4192,1.4
7.4212,1.4
7.4232,1.4
7.4252,1.4
7.4272,1.4
7.4292,1.4
7.4312,1.4
7.4332,1.4
7.4352,1.4
7.4372,1.4
7.4392,1.4
7.4412,1.4
7.4432,1.4
7.4452,1.4
7.4472,1.4
7.4492,1.4
7.4512,1.4
7.4532,1.4
7.4552,1.4
7.4572,1.4
7.4592,1.4
7.4612,1.4
7.4632,1.4
7.4652,1.4
7.4672,1.4
7.4692,1.4
7.4712,1.4
7.4732,1.4
7.4752,1.4
7.4772,1.4
7.4792,1.4
7.4812,1.4
7.4832,1.4
7.4852,1.4
7.4872,1.4
7.4892,1.4
7.4912,1.4
7.4932,1.4
7.4952,1.4
7.4972,1.4
7.4992,1.4
7.5012,1.4
7.5032,1.4
7.5052,1.4
7.5072,1.4
7.5092,1.4
7.5112,1.4
7.5132,1.4
7.5152,1.4
7.5172,1.4
7.5192,1.4
7.5212,1.4
7.5232,1.4
7.5252,1.4
7.5272,1.4
7.5292,1.4
7.5312,1.4
7.5332,1.4
7.5352,1.4
7.5372,1.4
7.5392,1.4
7.5412,1.4
7.5432,1.4
7.5452,1.4
7.5472,1.4
7.5492,1.4
7.5512,1.4
7.5532,1.4
7.5552,1.4
7.5572,1.4
7.5592,1.4
7.5612,1.4
7.5632,1.4
7.5652,1.4
7.5672,1.4
7.5692,1.4
7.5712,1.4
7.5732,1.4
7.5752,1.4
7.5772,1.4
7.5792,1.4
7.5812,1.4
7.5832,1.4
7.5852,1.4
7.5872,1.4
7.5892,1.4
7.5912,1.4
7.5932,1.4
7.5952,1.4
7.5972,1.4
7.5992,1.4
7.6012,1.4
7.6032,1.4
7.6052,1.4
7.6072,1.4
7.6092,1.4
7.6112,1.4
7.6132,1.4
7.6152,1.4
7.6172,1.4
7.6192,1.4
7.6212,1.4
7.6232,1.4
7.6252,1.4
7.6272,1.4
7.6292,1.4
7.6312,1.4
7.6332,1.4
7.6352,1.4
7.6372,1.4
7.6392,1.4
7.6412,1.4
7.6432,1.4
7.6452,1.4
7.6472,1.4
7.6492,1.4
7.6512,1.4
7.6532,1.4
7.6552,1.4
7.6572,1.4
7.6592,1.4
7.6612,1.4
7.6632,1.4
7.6652,1.4
7.6672,1.4
7.6692,1.4
7.6712,1.4
7.6732,1.4
7.6752,1.4
7.6772,1.4
7.6792,1.4
7.6812,1.4
7.6832,1.4
7.6852,1.4
7.6872,1.4
7.6892,1.4
7.6912,1.4
7.6932,1.4
7.6952,1.4
7.6972,1.4
7.6992,1.4
7.7012,1.4
7.7032,1.4
7.7052,1.4
7.7072,1.4
7.7092,1.4
7.7112,1.4
7.7132,1.4
7.7152,1.4
7.7172,1.4
7.7192,1.4
7.7212,1.4
7.7232,1.4
7.7252,1.4
7.7272,1.4
7.7292,1.4
7.7312,1.4
7.7332,1.4
7.7352,1.4
7.7372,1.4
7.7392,1.4
7.7412,1.4
7.7432,1.4
7.7452,1.4
7.7472,1.4
7.7492,1.4
7.7512,1.4
7.7532,1.4
7.7552,1.4
7.7572,1.4
7.7592,1.4
7.7612,1.4
7.7632,1.4
7.7652,1.4
7.7672,1.4
7.7692,1.4
7.7712,1.4
7.7732,1.4
7.7752,1.4
7.7772,1.4
7.7792,1.4
7.7812,1.4
7.7832,1.4
7.7852,1.4
7.7872,1.4
7.7892,1.4
7.7912,1.4
7.7932,1.4
7.7952,1.4
7.7972,1.4
7.7992,1.4
7.8012,1.4
7.8032,1.4
7.8052,1.4
7.8072,1.4
7.8092,1.4
7.8112,1.4
7.8132,1.4
7.8152,1.4
7.8172,1.4
7.8192,1.4
7.8212,1.4
7.8232,1.4
7.8252,1.4
7.8272,1.4
7.8292,1.4
7.8312,1.4
7.8332,1.4
7.8352,1.4
7.8372,1.4
7.8392,1.4
7.8412,1.4
7.8432,1.4
7.8452,1.4
7.8472,1.4
7.8492,1.4
7.8512,1.4
7.8532,1.4
7.8552,1.4
7.8572,1.4
7.8592,1.4
7.8612,1.4
7.8632,1.4
7.8652,1.4
7.8672,1.4
7.8692,1.4
7.8712,1.4
7.8732,1.4
7.8752,1.4
7.8772,1.4
7.8792,1.4
7.8812,1.4
7.8832,1.4
7.8852,1.4
7.8872,1.4
7.8892,1.4
7.8912,1.4
7.8932,1.4
7.8952,1.4
7.8972,1.4
7.8992,1.4
7.9012,1.4
7.9032,1.4
7.9052,1.4
7.9072,1.4
7.9092,1.4
7.9112,1.4
7.9132,1.4
7.9152,1.4
7.9172,1.4
7.9192,1.4
7.9212,1.4
7.9232,1.4
7.9252,1.4
7.9272,1.4
7.9292,1.4
7.9312,1.4
7.9332,1.4
7.9352,1.4
7.9372,1.4
7.9392,1.4
7.9412,1.4
7.9432,1.4
7.9452,1.4
7.9472,1.4
7.9492,1.4
7.9512,1.4
7.9532,1.4
7.9552,1.4
7.9572,1.4
7.9592,1.4
7.9612,1.4
7.9632,1.4
7.9652,1.4
7.9672,1.4
7.9692,1.4
7.9712,1.4
7.9732,1.4
7.9752,1.4
7.9772,1.4
7.9792,1.4
7.9812,1.4
7.9832,1.4
7.9852,1.4
7.9872,1.4
7.9892,1.4
7.9912,1.4
7.9932,1.4
7.9952,1.4
7.9972,1.4
7.9992,1.4
8.0012,1.4
8.0032,1.4
8.0052,1.4
8.0072,1.4
8.0092,1.4
8.0112,1.4
8.0132,1.4
8.0152,1.4
8.0172,1.4
8.0192,1.4
8.0212,1.4
8.0232,1.4
8.0252,1.4
8.0272,1.4
8.0292,1.4
8.0312,1.4
8.0332,1.4
8.0352,1.4
8.0372,1.4
8.0392,1.4
8.0412,1.4
8.0432,1.4
8.0452,1.4
8.0472,1.4
8.0492,1.4
8.0512,1.4
8.0532,1.4
8.0552,1.4
8.0572,1.4
8.0592,1.4
8.0612,1.4
8.0632,1.4
8.0652,1.4
8.0672,1.4
8.0692,1.4
8.0712,1.4
8.0732,1.4
8.0752,1.4
8.0772,1.4
8.0792,1.4
8.0812,1.4
8.0832,1.4
8.0852,1.4
8.0872,1.4
8.0892,1.4
8.0912,1.4
8.0932,1.4
8.0952,1.4
8.0972,1.4
8.0992,1.4
8.1012,1.4
8.1032,1.4
8.1052,1.4
8.1072,1.4
8.1092,1.4
8.1112,1.4
8.1132,1.4
8.1152,1.4
8.1172,1.4
8.1192,1.4
8.1212,1.4
8.1232,1.4
8.1252,1.4
8.1272,1.4
8.1292,1.4
8.1312,1.4
8.1332,1.4
8.1352,1.4
8.1372,1.4
8.1392,1.4
8.1412,1.4
8.1432,1.4
8.1452,1.4
8.1472,1.4
8.1492,1.4
8.1512,1.4
8.1532,1.4
8.1552,1.4
8.1572,1.4
8.1592,1.4
8.1612,1.4
8.1632,1.4
8.1652,1.4
8.1672,1.4
8.1692,1.4
8.1712,1.4
8.1732,1.4
8.1752,1.4
8.1772,1.4
8.1792,1.4
8.1812,1.4
8.1832,1.4
8.1852,1.4
8.1872,1.4
8.1892,1.4
8.1912,1.4
8.1932,1.4
8.1952,1.4
8.1972,1.4
8.1992,1.4
8.2012,1.4
8.2032,1.4
8.2052,1.4
8.2072,1.4
8.2092,1.4
8.2112,1.4
8.2132,1.4
8.2152,1.4
8.2172,1.4
8.2192,1.4
8.2212,1.4
8.2232,1.4
8.2252,1.4
8.2272,1.4
8.2292,1.4
8.2312,1.4
8.2332,1.4
8.2352,1.4
8.2372,1.4
8.2392,1.4
8.2412,1.4
8.2432,1.4
8.2452,1.4
8.2472,1.4
8.2492,1.4
8.2512,1.4
8.2532,1.4
8.2552,1.4
8.2572,1.4
8.2592,1.4
8.2612,1.4
8.2632,1.4
8.2652,1.4
8.2672,1.4
8.2692,1.4
8.2712,1.4
8.2732,1.4
8.2752,1.4
8.2772,1.4
8.2792,1.4
8.2812,1.4
8.2832,1.4
8.2852,1.4
8.2872,1.4
8.2892,1.4
8.2912,1.4
8.2932,1.4
8.2952,1.4
8.2972,1.4
8.2992,1.4
8.3012,1.4
8.3032,1.4
8.3052,1.4
8.3072,1.4
8.3092,1.4
8.3112,1.4
8.3132,1.4
8.3152,1.4
8.3172,1.4
8.3192,1.4
8.3212,1.4
8.3232,1.4
8.3252,1.4
8.3272,1.4
8.3292,1.4
8.3312,1.4
8.3332,1.4
8.3352,1.4
8.3372,1.4
8.3392,1.4
8.3412,1.4
8.3432,1.4
8.3452,1.4
8.3472,1.4
8.3492,1.4
8.3512,1.4
8.3532,1.4
8.3552,1.4
8.3572,1.4
8.3592,1.4
8.3612,1.4
8.3632,1.4
8.3652,1.4
8.3672,1.4
8.3692,1.4
8.3712,1.4
8.3732,1.4
8.3752,1.4
8.3772,1.4
8.3792,1.4
8.3812,1.4
8.3832,1.4
8.3852,1.4
8.3872,1.4
8.3892,1.4
8.3912,1.4
8.3932,1.4
8.3952,1.4
8.3972,1.4
8.3992,1.4
8.4012,1.4
8.4032,1.4
8.4052,1.4
8.4072,1.4
8.4092,1.4
8.4112,1.4
8.4132,1.4
8.4152,1.4
8.4172,1.4
8.4192,1.4
8.4212,1.4
8.4232,1.4
8.4252,1.4
8.4272,1.4
8.4292,1.4
8.4312,1.4
8.4332,1.4
8.4352,1.4
8.4372,1.4
8.4392,1.4
8.4412,1.4
8.4432,1.4
8.4452,1.4
8.4472,1.4
8.4492,1.4
8.4512,1.4
8.4532,1.4
8.4552,1.4
8.4572,1.4
8.4592,1.4
8.4612,1.4
8.4632,1.4
8.4652,1.4
8.4672,1.4
8.4692,1.4
8.4712,1.4
8.4732,1.4
8.4752,1.4
8.4772,1.4
8.4792,1.4
8.4812,1.4
8.4832,1.4
8.4852,1.4
8.4872,1.4
8.4892,1.4
8.4912,1.4
8.4932,1.4
8.4952,1.4
8.4972,1.4
8.4992,1.4
8.5012,1.4
8.5032,1.4
8.5052,1.4
8.5072,1.4
8.5092,1.4
8.5112,1.4
8.5132,1.4
8.5152,1.4
8.5172,1.4
8.5192,1.4
8.5212,1.4
8.5232,1.4
8.5252,1.4
8.5272,1.4
8.5292,1.4
8.5312,1.4
8.5332,1.4
8.5352,1.4
8.5372,1.4
8.5392,1.4
8.5412,1.4
8.5432,1.4
8.5452,1.4
8.5472,1.4
8.5492,1.4
8.5512,1.4
8.5532,1.4
8.5552,1.4
8.5572,1.4
8.5592,1.4
8.5612,1.4
8.5632,1.4
8.5652,1.4
8.5672,1.4
8.5692,1.4
8.5712,1.4
8.5732,1.4
8.5752,1.4
8.5772,1.4
8.5792,1.4
8.5812,1.4
8.5832,1.4
8.5852,1.4
8.5872,1.4
8.5892,1.4
8.5912,1.4
8.5932,1.4
8.5952,1.4
8.5972,1.4
8.5992,1.4
8.6012,1.4
8.6032,1.4
8.6052,1.4
8.6072,1.4
8.6092,1.4
8.6112,1.4
8.6132,1.4
8.6152,1.4
8.6172,1.4
8.6192,1.4
8.6212,1.4
8.6232,1.4
8.6252,1.4
8.6272,1.4
8.6292,1.4
8.6312,1.4
8.6332,1.4
8.6352,1.4
8.6372,1.4
8.6392,1.4
8.6412,1.4
8.6432,1.4
8.6452,1.4
8.6472,1.4
8.6492,1.4
8.6512,1.4
8.6532,1.4
8.6552,1.4
8.6572,1.4
8.6592,1.4
8.6612,1.4
8.6632,1.4
8.6652,1.4
8.6672,1.4
8.6692,1.4
8.6712,1.4
8.6732,1.4
8.6752,1.4
8.6772,1.4
8.6792,1.4
8.6812,1.4
8.6832,1.4
8.6852,1.4
8.6872,1.4
8.6892,1.4
8.6912,1.4
8.6932,1.4
8.6952,1.4
8.6972,1.4
8.6992,1.4
8.7012,1.4
8.7032,1.4
8.7052,1.4
8.7072,1.4
8.7092,1.4
8.7112,1.4
8.7132,1.4
8.7152,1.4
8.7172,1.4
8.7192,1.4
8.7212,1.4
8.7232,1.4
8.7252,1.4
8.7272,1.4
8.7292,1.4
8.7312,1.4
8.7332,1.4
8.7352,1.4
8.7372,1.4
8.7392,1.4
8.7412,1.4
8.7432,1.4
8.7452,1.4
8.7472,1.4
8.7492,1.4
8.7512,1.4
8.7532,1.4
8.7552,1.4
8.7572,1.4
8.7592,1.4
8.7612,1.4
8.7632,1.4
8.7652,1.4
8.7672,1.4
8.7692,1.4
8.7712,1.4
8.7732,1.4
8.7752,1.4
8.7772,1.4
8.7792,1.4
8.7812,1.4
8.7832,1.4
8.7852,1.4
8.7872,1.4
8.7892,1.4
8.7912,1.4
8.7932,1.4
8.7952,1.4
8.7972,1.4
8.7992,1.4
8.8012,1.4
8.8032,1.4
8.8052,1.4
8.8072,1.4
8.8092,1.4
8.8112,1.4
8.8132,1.4
8.8152,1.4
8.8172,1.4
8.8192,1.4
8.8212,1.4
8.8232,1.4
8.8252,1.4
8.8272,1.4
8.8292,1.4
8.8312,1.4
8.8332,1.4
8.8352,1.4
8.8372,1.4
8.8392,1.4
8.8412,1.4
8.8432,1.4
8.8452,1.4
8.8472,1.4
8.8492,1.4
8.8512,1.4
8.8532,1.4
8.8552,1.4
8.8572,1.4
8.8592,1.4
8.8612,1.4
8.8632,1.4
8.8652,1.4
8.8672,1.4
8.8692,1.4
8.8712,1.4
8.8732,1.4
8.8752,1.4
8.8772,1.4
8.8792,1.4
8.8812,1.4
8.8832,1.4
8.8852,1.4
8.8872,1.4
8.8892,1.4
8.8912,1.4
8.8932,1.4
8.8952,1.4
8.8972,1.4
8.8992,1.4
8.9012,1.4
8.9032,1.4
8.9052,1.4
8.9072,1.4
8.9092,1.4
8.9112,1.4
8.9132,1.4
8.9152,1.4
8.9172,1.4
8.9192,1.4
8.9212,1.4
8.9232,1.4
8.9252,1.4
8.9272,1.4
8.9292,1.4
8.9312,1.4
8.9332,1.4
8.9352,1.4
8.9372,1.4
8.9392,1.4
8.9412,1.4
8.9432,1.4
8.9452,1.4
8.9472,1.4
8.9492,1.4
8.9512,1.4
8.9532,1.4
8.9552,1.4
8.9572,1.4
8.9592,1.4
8.9612,1.4
8.9632,1.4
8.9652,1.4
8.9672,1.4
8.9692,1.4
8.9712,1.4
8.9732,1.4
8.9752,1.4
8.9772,1.4
8.9792,1.4
8.9812,1.4
8.9832,1.4
8.9852,1.4
8.9872,1.4
8.9892,1.4
8.9912,1.4
8.9932,1.4
8.9952,1.4
8.9972,1.4
8.9992,1.4
9.0012,1.4
9.0032,1.4
9.0052,1.4
9.0072,1.4
9.0092,1.4
9.0112,1.4
9.0132,1.4
9.0152,1.4
9.0172,1.4
9.0192,1.4
9.0212,1.4
9.0232,1.4
9.0252,1.4
9.0272,1.4
9.0292,1.4
9.0312,1.4
9.0332,1.4
9.0352,1.4
9.0372,1.4
9.0392,1.4
9.0412,1.4
9.0432,1.4
9.0452,1.4
9.0472,1.4
9.0492,1.4
9.0512,1.4
9.0532,1.4
9.0552,1.4
9.0572,1.4
9.0592,1.4
9.0612,1.4
9.0632,1.4
9.0652,1.4
9.0672,1.4
9.0692,1.4
9.0712,1.4
9.0732,1.4
9.0752,1.4
9.0772,1.4
9.0792,1.4
9.0812,1.4
9.0832,1.4
9.0852,1.4
9.0872,1.4
9.0892,1.4
9.0912,1.4
9.0932,1.4
9.0952,1.4
9.0972,1.4
9.0992,1.4
9.1012,1.4
9.1032,1.4
9.1052,1.4
9.1072,1.4
9.1092,1.4
9.1112,1.4
9.1132,1.4
9.1152,1.4
9.1172,1.4
9.1192,1.4
9.1212,1.4
9.1232,1.4
9.1252,1.4
9.1272,1.4
9.1292,1.4
9.1312,1.4
9.1332,1.4
9.1352,1.4
9.1372,1.4
9.1392,1.4
9.1412,1.4
9.1432,1.4
9.1452,1.4
9.1472,1.4
9.1492,1.4
9.1512,1.4
9.1532,1.4
9.1552,1.4
9.1572,1.4
9.1592,1.4
9.1612,1.4
9.1632,1.4
9.1652,1.4
9.1672,1.4
9.1692,1.4
9.1712,1.4
9.1732,1.4
9.1752,1.4
9.1772,1.4
9.1792,1.4
9.1812,1.4
9.1832,1.4
9.1852,1.4
9.1872,1.4
9.1892,1.4
9.1912,1.4
9.1932,1.4
9.1952,1.4
9.1972,1.4
9.1992,1.4
9.2012,1.4
9.2032,1.4
9.2052,1.4
9.2072,1.4
9.2092,1.4
9.2112,1.4
9.2132,1.4
9.2152,1.4
9.2172,1.4
9.2192,1.4
9.2212,1.4
9.2232,1.4
9.2252,1.4
9.2272,1.4
9.2292,1.4
9.2312,1.4
9.2332,1.4
9.2352,1.4
9.2372,1.4
9.2392,1.4
9.2412,1.4
9.2432,1.4
9.2452,1.4
9.2472,1.4
9.2492,1.4
9.2512,1.4
9.2532,1.4
9.2552,1.4
9.2572,1.4
9.2592,1.4
9.2612,1.4
9.2632,1.4
9.2652,1.4
9.2672,1.4
9.2692,1.4
9.2712,1.4
9.2732,1.4
9.2752,1.4
9.2772,1.4
9.2792,1.4
9.2812,1.4
9.2832,1.4
9.2852,1.4
9.2872,1.4
9.2892,1.4
9.2912,1.4
9.2932,1.4
9.2952,1.4
9.2972,1.4
9.2992,1.4
9.3012,1.4
9.3032,1.4
9.3052,1.4
9.3072,1.4
9.3092,1.4
9.3112,1.4
9.3132,1.4
9.3152,1.4
9.3172,1.4
9.3192,1.4
9.3212,1.4
9.3232,1.4
9.3252,1.4
9.3272,1.4
9.3292,1.4
9.3312,1.4
9.3332,1.4
9.3352,1.4
9.3372,1.4
9.3392,1.4
9.3412,1.4
9.3432,1.4
9.3452,1.4
9.3472,1.4
9.3492,1.4
9.3512,1.4
9.3532,1.4
9.3552,1.4
9.3572,1.4
9.3592,1.4
9.3612,1.4
9.3632,1.4
9.3652,1.4
9.3672,1.4
9.3692,1.4
9.3712,1.4
9.3732,1.4
9.3752,1.4
9.3772,1.4
9.3792,1.4
9.3812,1.4
9.3832,1.4
9.3852,1.4
9.3872,1.4
9.3892,1.4
9.3912,1.4
9.3932,1.4
9.3952,1.4
9.3972,1.4
9.3992,1.4
9.4012,1.4
9.4032,1.4
9.4052,1.4
9.4072,1.4
9.4092,1.4
9.4112,1.4
9.4132,1.4
9.4152,1.4
9.4172,1.4
9.4192,1.4
9.4212,1.4
9.4232,1.4
9.4252,1.4
9.4272,1.4
9.4292,1.4
9.4312,1.4
9.4332,1.4
9.4352,1.4
9.4372,1.4
9.4392,1.4
9.4412,1.4
9.4432,1.4
9.4452,1.4
9.4472,1.4
9.4492,1.4
9.4512,1.4
9.4532,1.4
9.4552,1.4
9.4572,1.4
9.4592,1.4
9.4612,1.4
9.4632,1.4
9.4652,1.4
9.4672,1.4
9.4692,1.4
9.4712,1.4
9.4732,1.4
9.4752,1.4
9.4772,1.4
9.4792,1.4
9.4812,1.4
9.4832,1.4
9.4852,1.4
9.4872,1.4
9.4892,1.4
9.4912,1.4
9.4932,1.4
9.4952,1.4
9.4972,1.4
9.4992,1.4
9.5012,1.4
9.5032,1.4
9.5052,1.4
9.5072,1.4
9.5092,1.4
9.5112,1.4
9.5132,1.4
9.5152,1.4
9.5172,1.4
9.5192,1.4
9.5212,1.4
9.5232,1.4
9.5252,1.4
9.5272,1.4
9.5292,1.4
9.5312,1.4
9.5332,1.4
9.5352,1.4
9.5372,1.4
9.5392,1.4
9.5412,1.4
9.5432,1.4
9.5452,1.4
9.5472,1.4
9.5492,1.4
9.5512,1.4
9.5532,1.4
9.5552,1.4
9.5572,1.4
9.5592,1.4
9.5612,1.4
9.5632,1.4
9.5652,1.4
9.5672,1.4
9.5692,1.4
9.5712,1.4
9.5732,1.4
9.5752,1.4
9.5772,1.4
9.5792,1.4
9.5812,1.4
9.5832,1.4
9.5852,1.4
9.5872,1.4
9.5892,1.4
9.5912,1.4
9.5932,1.4
9.5952,1.4
9.5972,1.4
9.5992,1.4
9.6012,1.4
9.6032,1.4
9.6052,1.4
9.6072,1.4
9.6092,1.4
9.6112,1.4
9.6132,1.4
9.6152,1.4
9.6172,1.4
9.6192,1.4
9.6212,1.4
9.6232,1.4
9.6252,1.4
9.6272,1.4
9.6292,1.4
9.6312,1.4
9.6332,1.4
9.6352,1.4
9.6372,1.4
9.6392,1.4
9.6412,1.4
9.6432,1.4
9.6452,1.4
9.6472,1.4
9.6492,1.4
9.6512,1.4
9.6532,1.4
9.6552,1.4
9.6572,1.4
9.6592,1.4
9.6612,1.4
9.6632,1.4
9.6652,1.4
9.6672,1.4
9.6692,1.4
9.6712,1.4
9.6732,1.4
9.6752,1.4
9.6772,1.4
9.6792,1.4
9.6812,1.4
9.6832,1.4
9.6852,1.4
9.6872,1.4
9.6892,1.4
9.6912,1.4
9.6932,1.4
9.6952,1.4
9.6972,1.4
9.6992,1.4
9.7012,1.4
9.7032,1.4
9.7052,1.4
9.7072,1.4
9.7092,1.4
9.7112,1.4
9.7132,1.4
9.7152,1.4
9.7172,1.4
9.7192,1.4
9.7212,1.4
9.7232,1.4
9.7252,1.4
9.7272,1.4
9.7292,1.4
9.7312,1.4
9.7332,1.4
9.7352,1.4
9.7372,1.4
9.7392,1.4
9.7412,1.4
9.7432,1.4
9.7452,1.4
9.7472,1.4
9.7492,1.4
9.7512,1.4
9.7532,1.4
9.7552,1.4
9.7572,1.4
9.7592,1.4
9.7612,1.4
9.7632,1.4
9.7652,1.4
9.7672,1.4
9.7692,1.4
9.7712,1.4
9.7732,1.4
9.7752,1.4
9.7772,1.4
9.7792,1.4
9.7812,1.4
9.7832,1.4
9.7852,1.4
9.7872,1.4
9.7892,1.4
9.7912,1.4
9.7932,1.4
9.7952,1.4
9.7972,1.4
9.7992,1.4
9.8012,1.4
9.8032,1.4
9.8052,1.4
9.8072,1.4
9.8092,1.4
9.8112,1.4
9.8132,1.4
9.8152,1.4
9.8172,1.4
9.8192,1.4
9.821,1.4
9.8228,1.4
9.8246,1.4
9.8264,1.4
9.8282,1.4
9.83,1.4
9.8318,1.4
9.8336,1.4
9.8354,1.4
9.8372,1.4
9.839,1.4
9.8409,1.4
9.8427,1.4
9.8445,1.4
9.8463,1.4
9.8481,1.4
9.8499,1.4
9.8517,1.4
9.8535,1.4
9.8553,1.4
9.8571,1.4
9.8589,1.4
9.8607,1.4
9.8626,1.4
9.8644,1.4
9.8662,1.4
9.868,1.4
9.8698,1.4
9.8716,1.4
9.8734,1.4
9.8752,1.4
9.877,1.4
9.8788,1.4
9.8806,1.4
9.8824,1.4
9.8843,1.4
9.8861,1.4
9.8879,1.4
9.8897,1.4
9.8915,1.4
9.8933,1.4
9.8951,1.4
9.8969,1.4
9.8987,1.4
9.9005,1.4
9.9023,1.4
9.9042,1.4
9.906,1.4
9.9078,1.4
9.9096,1.4
9.9114,1.4
9.9132,1.4
9.915,1.4
9.9168,1.4
9.9186,1.4
9.9204,1.4
9.9222,1.4
9.924,1.4
9.9259,1.4
9.9277,1.4
9.9295,1.4
9.9313,1.4
9.9331,1.4
9.9349,1.4
9.9367,1.4
9.9385,1.4
9.9403,1.4
9.9421,1.4
9.9439,1.4
9.9457,1.4
9.9476,1.4
9.9494,1.4
9.9512,1.4
9.953,1.4
9.9548,1.4
9.9566,1.4
9.9584,1.4
9.9602,1.4
9.962,1.4
9.9638,1.4
9.9656,1.4
9.9674,1.4
9.9693,1.4
9.9711,1.4
9.9729,1.4
9.9747,1.4
9.9765,1.4
9.9783,1.4
9.9801,1.4
9.9819,1.4
9.9837,1.4
9.9855,1.4
9.9873,1.4
9.9891,1.4
9.991,1.4
9.9928,1.4
9.9946,1.4
9.9964,1.4
9.9982,1.4
10,1.4
